ticker,asof,eps_ttm,ebitda_ttm,total_debt,equity,cash,invested_capital,nopat,roic,debt_to_ebitda,pe_ttm,eps_cagr_5y,peg_5y,gics_sector,source
MMM,2025-09-30,11.2,11595000000.0,27125000000.0,4628000000.0,2173000000.0,29580000000.0,6076705882.352941,0.20543292367657,2.339370418283743,,-0.047904431134696224,,Industrials,sec_edgar_companyfacts
AOS,2025-09-30,6.97,1483500000.0,471100000.0,1844500000.0,152700000.0,2162900000.0,911068424.2302274,0.4212254030376935,0.3175598247387934,,0.04088771931965929,,Industrials,sec_edgar_companyfacts
ABT,2025-09-30,6.42,13656000000.0,27066000000.0,50954000000.0,7511000000.0,70509000000.0,,,1.9819859402460458,,0.1433608575012537,,Health Care,sec_edgar_companyfacts
ABBV,2025-06-30,3.36,21085000000.0,72397000000.0,-183000000.0,6467000000.0,65747000000.0,,,3.4335783732511262,,,,Health Care,sec_edgar_companyfacts
ACN,2025-08-31,22.63,20819830000.0,214447000.0,31195446000.0,11478729000.0,19931164000.0,13282178655.930723,0.6664025571176236,0.010300132133643742,,-0.03292495574789245,,Information Technology,sec_edgar_companyfacts
ADBE,2025-08-29,28.46,16915000000.0,8100000000.0,11770000000.0,5940000000.0,13930000000.0,11565124846.801208,0.8302315037186797,0.47886491279929055,,0.041212610568284846,,Information Technology,sec_edgar_companyfacts
AMD,2025-06-28,2.42,7884000000.0,4166000000.0,59665000000.0,4442000000.0,59389000000.0,2068000000.0,0.03482126319688831,0.5284119736174531,,0.03548578845590522,,Information Technology,sec_edgar_companyfacts
AES,2025-06-30,0.5499999999999999,1688000000.0,0.0,3369000000.0,1350000000.0,2019000000.0,0.0,0.0,0.0,,0.46476782503860314,,Utilities,sec_edgar_companyfacts
AFL,2025-06-30,2.15,8321000000.0,0.0,27200000000.0,6965000000.0,20235000000.0,4140500000.0,0.20462070669631827,0.0,,0.2886393808121501,,Financials,sec_edgar_companyfacts
A,2025-07-31,6.84,2994000000.0,6139000000.0,6370000000.0,1535000000.0,10974000000.0,2016139272.9134665,0.18371963485633921,2.050434201736807,,0.011685414703814567,,Health Care,sec_edgar_companyfacts
APD,2025-06-30,-11.36,-776700000.0,9396600000.0,15537500000.0,2324300000.0,22609800000.0,-3251324000.0,-0.14380153738644305,,,0.11121230240845126,,Materials,sec_edgar_companyfacts
ABNB,2025-06-30,0.6903914590747331,2867600000.0,3997000000.0,7782000000.0,7402000000.0,4377000000.0,1726388888.888889,0.39442286700682866,1.39384851443716,,,,Consumer Discretionary,sec_edgar_companyfacts
AKAM,2025-06-30,3.44,2001423000.0,0.0,4467508000.0,850302000.0,3617206000.0,398464143.5232705,0.11015799031718694,0.0,,0.0006127455580171581,,Information Technology,sec_edgar_companyfacts
ALB,2025-06-30,-9.77,-149782000.0,7518994000.0,10240526000.0,1806829000.0,15952691000.0,-769660660.0,-0.0482464469474147,,,,,Materials,sec_edgar_companyfacts
ARE,2025-09-30,-4.819999999999999,2402953000.0,13593541000.0,16639302000.0,579474000.0,29653369000.0,0.0,0.0,5.657014931211721,,-0.10758044726095828,,Real Estate,sec_edgar_companyfacts
ALGN,2025-06-30,7.52,947805000.0,0.0,3912779000.0,901157000.0,3011622000.0,421015409.80242515,0.13979689675610854,0.0,,0.040416133386333986,,Health Care,sec_edgar_companyfacts
ALLE,2025-09-30,13.32,1635700000.0,4203600000.0,1946600000.0,302700000.0,5847500000.0,1165243717.7835052,0.19927211933022748,2.5699089075013757,,0.056144649858020035,,Industrials,sec_edgar_companyfacts
LNT,2025-06-30,4.16,2682000000.0,15469500000.0,7145000000.0,329000000.0,22285500000.0,1272000000.0,0.05707747189876826,5.767897091722595,,-0.002947730003897475,,Utilities,sec_edgar_companyfacts
ALL,2025-06-30,24.05,,8837000000.0,24019000000.0,,,,,,,0.050741939749527454,,Financials,sec_edgar_companyfacts
GOOGL,2025-09-30,18.29,217481000000.0,39931000000.0,386867000000.0,98496000000.0,328302000000.0,,,0.18360684381624143,,0.12010372422372351,,Communication Services,sec_edgar_companyfacts
GOOG,2025-09-30,18.29,217481000000.0,39931000000.0,386867000000.0,98496000000.0,328302000000.0,,,0.18360684381624143,,0.12010372422372351,,Communication Services,sec_edgar_companyfacts
MO,2025-09-30,8.31,20364000000.0,51402000000.0,-2646000000.0,3472000000.0,45284000000.0,12936141615.614761,0.2856669378945049,2.5241602828520917,,0.1544029105426885,,Consumer Staples,sec_edgar_companyfacts
AMZN,2025-09-30,12.12,269391000000.0,110056000000.0,369631000000.0,66922000000.0,412765000000.0,105958903476.85289,0.25670515541979794,0.4085362911158873,,,,Consumer Discretionary,sec_edgar_companyfacts
AMCR,2025-06-30,0.873,3396000000.0,5439400000.0,11728000000.0,827000000.0,16340400000.0,1564642121.9319084,0.09575298780518889,1.6017078916372203,,-0.1461291801122675,,Materials,sec_edgar_companyfacts
AEE,2025-06-30,5.86,2268000000.0,37780000000.0,12314000000.0,11000000.0,50083000000.0,,,16.65784832451499,,0.013174814699183912,,Utilities,sec_edgar_companyfacts
AEP,2025-09-30,13.469999999999999,12277500000.0,93682900000.0,30389300000.0,1067700000.0,123004500000.0,9808500000.0,0.07974098508591149,7.6304540826715535,,0.04442575217703304,,Utilities,sec_edgar_companyfacts
AXP,2025-09-30,27.78,10569000000.0,59233000000.0,32417000000.0,43440000000.0,48210000000.0,,,5.604409121014287,,0.07300162815472033,,Financials,sec_edgar_companyfacts
AIG,2025-06-30,6.9799999999999995,,9172000000.0,41501000000.0,,,,,,,,,Financials,sec_edgar_companyfacts
AMT,2025-09-30,8.07,13975700000.0,60555760000.0,3952700000.0,1950700000.0,62557760000.0,7523773089.660883,0.12026922143089655,4.332932160821998,,0.708463706036224,,Real Estate,sec_edgar_companyfacts
AWK,2025-09-30,10.42,5334000000.0,16723691000.0,10907000000.0,166000000.0,27464691000.0,2270673770.491803,0.0826761084074022,3.1353001499812523,,0.06751855323689382,,Utilities,sec_edgar_companyfacts
AMP,2025-09-30,62.42,142000000.0,3188000000.0,6455000000.0,2318000000.0,7325000000.0,0.0,0.0,22.450704225352112,,0.3211911665288387,,Financials,sec_edgar_companyfacts
AME,2025-09-30,10.89,4013289000.0,4817251000.0,10526876000.0,439237000.0,14904890000.0,2532522134.705878,0.16991216538370144,1.2003249703671977,,0.034292542911040114,,Industrials,sec_edgar_companyfacts
AMGN,2025-06-30,16.91,14479000000.0,114407000000.0,7428000000.0,8028000000.0,113807000000.0,8622938059.86454,0.07576808157551417,7.901581600939291,,-0.08992846573168378,,Health Care,sec_edgar_companyfacts
APH,2025-09-30,5.68,11266800000.0,6478985000.0,12520300000.0,3888100000.0,15111185000.0,7094428187.103814,0.4694819226357042,0.5750510348989952,,-0.08900506902925442,,Information Technology,sec_edgar_companyfacts
ADI,2025-08-02,7.08,4652514000.0,17205680000.0,34085842000.0,2321191000.0,48970331000.0,,,3.698146851358212,,-0.08978726388451264,,Information Technology,sec_edgar_companyfacts
AON,2025-09-30,21.080000000000002,7537000000.0,33806000000.0,7939000000.0,1095000000.0,40650000000.0,5392984071.568842,0.132668734847942,4.485338994294812,,0.005700695173197046,,Financials,sec_edgar_companyfacts
APA,2025-06-30,4.65,6002000000.0,17693000000.0,5905000000.0,107000000.0,23491000000.0,2599692808.0954103,0.11066760921610022,2.9478507164278573,,-0.2709306305073914,,Energy,sec_edgar_companyfacts
APO,2025-06-30,4.63,2225000000.0,12144000000.0,19321000000.0,12070000000.0,19395000000.0,0.0,0.0,5.457977528089888,,,,Financials,sec_edgar_companyfacts
AAPL,2025-09-27,12.89,256761000000.0,189335000000.0,73733000000.0,35934000000.0,227134000000.0,188813475973.34268,0.8312867116915243,0.7373978135308711,,0.040053477863133846,,Information Technology,sec_edgar_companyfacts
AMAT,2025-07-27,15.22,16239000000.0,12410000000.0,19504000000.0,5384000000.0,26530000000.0,10366837182.915956,0.3907590344107032,0.7642096188188928,,0.029641510827857154,,Information Technology,sec_edgar_companyfacts
APP,2025-06-30,9.37,4702629000.0,7219941000.0,1167127000.0,1192608000.0,7194460000.0,3518752807.84896,0.4890919968766189,1.5352988721840486,,,,Information Technology,sec_edgar_companyfacts
APTV,2025-09-30,1.9900000000000002,3736000000.0,16095000000.0,9282000000.0,1640000000.0,23737000000.0,1002000000.0,0.04221257951720942,4.308083511777302,,-0.35722665213522065,,Consumer Discretionary,sec_edgar_companyfacts
ACGL,2025-06-30,11.97,,0.0,23041000000.0,983000000.0,22058000000.0,,,,,0.24110720828624488,,Financials,sec_edgar_companyfacts
ADM,2025-06-30,2.16,2285000000.0,18582000000.0,22438000000.0,1057000000.0,39963000000.0,0.0,0.0,8.132166301969365,,-0.10707213007744143,,Consumer Staples,sec_edgar_companyfacts
ANET,2025-06-30,5.01,4593400000.0,0.0,10901600000.0,2225500000.0,8676100000.0,3613017696.8595796,0.4164333856063876,0.0,,-0.12183646869254883,,Information Technology,sec_edgar_companyfacts
AJG,2025-06-30,9.63,,12760900000.0,23023100000.0,857600000.0,34926400000.0,,,,,0.04604218634660917,,Financials,sec_edgar_companyfacts
AIZ,2025-06-30,17.32,,2207500000.0,5498500000.0,1486700000.0,6219300000.0,,,,,0.23417112966448794,,Financials,sec_edgar_companyfacts
T,2025-09-30,5.64,80016000000.0,197261000000.0,126755000000.0,20272000000.0,303744000000.0,34498571662.9929,0.11357778808138727,2.465269446110778,,,,Communication Services,sec_edgar_companyfacts
ATO,2025-06-30,15.85,4957118000.0,3659052000.0,13385838000.0,709378000.0,16335512000.0,2400095298.47523,0.14692501211319425,0.7381409924072818,,0.04051066342823706,,Utilities,sec_edgar_companyfacts
ADSK,2025-07-31,5.58,2024000000.0,2500000000.0,2715000000.0,2003000000.0,3212000000.0,873567467.6524955,0.27196994634262,1.2351778656126482,,0.06256530757878509,,Information Technology,sec_edgar_companyfacts
ADP,2025-09-30,15.65,1011700000.0,9238300000.0,6373800000.0,2478000000.0,13134100000.0,0.0,0.0,9.13146189581892,,0.03981834889311653,,Industrials,sec_edgar_companyfacts
AZO,2025-08-30,220.65,6729414000.0,14014014000.0,-3414313000.0,271803000.0,10327898000.0,4140304540.097194,0.40088549868494,2.0825013886796087,,0.018226370310180595,,Consumer Discretionary,sec_edgar_companyfacts
AVB,2025-06-30,9.69,2537901000.0,9325095000.0,11947719000.0,102825000.0,21169989000.0,,,3.6743336323993727,,-0.013149165710972799,,Real Estate,sec_edgar_companyfacts
AVY,2025-09-27,15.68,566200000.0,4333800000.0,2211000000.0,536300000.0,6008500000.0,0.0,0.0,7.654185800070646,,-0.010647802591307376,,Materials,sec_edgar_companyfacts
AXON,2025-06-30,3.9,108973000.0,4015644000.0,2732400000.0,615496000.0,6132548000.0,4423000.0,0.0007212336536134735,36.849898598735464,,0.22641944264781344,,Industrials,sec_edgar_companyfacts
BKR,2025-09-30,-2.45,7680000000.0,95000000.0,18157000000.0,5631000000.0,12621000000.0,3632466666.666667,0.28781131975807517,0.012369791666666666,,,,Energy,sec_edgar_companyfacts
BALL,2025-06-30,3.4299999999999997,2575000000.0,16354000000.0,5206000000.0,296000000.0,21264000000.0,1111208530.8056872,0.05225773752848416,6.3510679611650485,,,,Materials,sec_edgar_companyfacts
BAC,2025-09-30,6.59,5051000000.0,546797000000.0,304152000000.0,301006000000.0,549943000000.0,0.0,0.0,108.25519699069491,,0.0012507856497463443,,Financials,sec_edgar_companyfacts
BAX,2025-06-30,1.12,2654000000.0,13186000000.0,7320000000.0,1686000000.0,18820000000.0,653000000.0,0.0346971307120085,4.968349660889224,,,,Health Care,sec_edgar_companyfacts
BDX,2025-06-30,9.28,9665000000.0,20093000000.0,25472000000.0,735000000.0,44830000000.0,3621172516.8035846,0.08077565283969629,2.0789446456285567,,-0.0006811995424943484,,Health Care,sec_edgar_companyfacts
BRK.B,2025-06-30,,55573000000.0,0.0,667989000000.0,31583000000.0,636406000000.0,26508447314.65023,0.0416533585708655,0.0,,,,Financials,sec_edgar_companyfacts
BBY,2025-08-02,4.9,3010000000.0,2458000000.0,2716000000.0,1456000000.0,3718000000.0,971496663.4890372,0.26129549851776146,0.8166112956810632,,-0.07411163913389351,,Consumer Discretionary,sec_edgar_companyfacts
TECH,2025-06-30,1.3499999999999999,549452000.0,12500000.0,1918808000.0,162186000.0,1769122000.0,205115976.81597447,0.11594224525836798,0.02274993994015856,,-0.23537405055721017,,Health Care,sec_edgar_companyfacts
BIIB,2025-09-30,22.61,5773600000.0,8033700000.0,18207500000.0,2913700000.0,23327500000.0,3331534233.365477,0.14281574250843326,1.3914542053484829,,-0.11735945994979402,,Health Care,sec_edgar_companyfacts
BLK,2025-06-30,50.56,9134000000.0,12762000000.0,49141000000.0,9478000000.0,52425000000.0,6325934924.078091,0.1206663790954333,1.3971972848697176,,0.11198010119422874,,Financials,sec_edgar_companyfacts
BX,2025-06-30,4.57,,12136032000.0,8352339000.0,2235499000.0,18252872000.0,,,,,0.08932962201408867,,Financials,sec_edgar_companyfacts
XYZ,2025-06-30,2.79,2702284000.0,9680865000.0,22157136000.0,6384224000.0,25453777000.0,1544830024.0913942,0.06069158318199276,3.5824750470342868,,,,Financials,sec_edgar_companyfacts
BK,2025-09-30,11.129999999999999,,34651000000.0,43879000000.0,5055000000.0,73475000000.0,,,,,0.1486983549970351,,Financials,sec_edgar_companyfacts
BA,2025-09-30,-17.4,-5874000000.0,63819000000.0,-8250000000.0,6173000000.0,49396000000.0,-7242720000.0,-0.14662563770345777,,,,,Industrials,sec_edgar_companyfacts
BKNG,2025-09-30,270.61,17256000000.0,34092000000.0,-4736000000.0,16509000000.0,12847000000.0,7920000000.0,0.616486339223165,1.9756606397774688,,0.17731215978744874,,Consumer Discretionary,sec_edgar_companyfacts
BSX,2025-06-30,2.2800000000000002,6735000000.0,5288000000.0,22418000000.0,534000000.0,27172000000.0,3328270000.0,0.12248895922272927,0.7851521900519673,,0.22670320469638883,,Health Care,sec_edgar_companyfacts
BMY,2025-09-30,6.5,16479000000.0,106718000000.0,18552000000.0,15726000000.0,109544000000.0,1829622470.5527031,0.016702169635513613,6.475999757266824,,,,Health Care,sec_edgar_companyfacts
AVGO,2025-08-03,7.07,46236000000.0,83194000000.0,73277000000.0,10718000000.0,145753000000.0,20890500000.0,0.14332809616268619,1.799333852409378,,-0.4589547703024346,,Information Technology,sec_edgar_companyfacts
BR,2025-06-30,9.06,1626700000.0,6904600000.0,2655100000.0,561500000.0,8998200000.0,1179386169.6178937,0.13106912155963346,4.244544169176861,,0.06022122873100355,,Industrials,sec_edgar_companyfacts
BRO,2025-09-30,5.96,,15482212000.0,12407000000.0,1190000000.0,26699212000.0,,,,,0.07861275221598607,,Financials,sec_edgar_companyfacts
BF.B,2025-07-31,3.01,1937000000.0,5433000000.0,3988000000.0,471000000.0,8950000000.0,1353875439.8311048,0.1512709988638106,2.8048528652555498,,0.024533217557384024,,Consumer Staples,sec_edgar_companyfacts
BLDR,2025-09-30,8.86,3063396000.0,817736000.0,4316189000.0,296162000.0,4837763000.0,1203329878.9620214,0.24873683951901351,0.2669377383792366,,-0.11639036823195781,,Industrials,sec_edgar_companyfacts
BG,2025-06-30,9.75,817000000.0,23228000000.0,10883000000.0,6790000000.0,27321000000.0,0.0,0.0,28.430844553243574,,0.008467812978271594,,Consumer Staples,sec_edgar_companyfacts
BXP,2025-06-30,2.43,2916682000.0,4050000000.0,5258786000.0,446953000.0,8861833000.0,1252074160.0,0.14128839485013991,1.3885641286914376,,-0.5590698968891398,,Real Estate,sec_edgar_companyfacts
CHRW,2025-09-30,8.68,1620675000.0,2366300000.0,1857041000.0,136837000.0,4086504000.0,1047654410.1594774,0.25636935878674716,1.4600706495750229,,-0.1220473036093751,,Industrials,sec_edgar_companyfacts
CDNS,2025-09-30,5.87,2764240000.0,299879000.0,5199002000.0,2753246000.0,2745635000.0,1240855129.2518833,0.45193739490204754,0.10848515324284433,,0.04496188542908741,,Information Technology,sec_edgar_companyfacts
CPT,2025-06-30,2.16,904080000.0,4426000000.0,4587485000.0,33091000.0,8980394000.0,0.0,0.0,4.895584461552075,,-0.24314817220061458,,Real Estate,sec_edgar_companyfacts
CPB,2025-08-03,3.62,2991000000.0,12075000000.0,3902000000.0,132000000.0,15845000000.0,1317397424.103036,0.08314278473354597,4.037111334002006,,-0.06745405177475583,,Consumer Staples,sec_edgar_companyfacts
COF,2025-06-30,-7.46,6675000000.0,44620000000.0,110956000000.0,,,0.0,,6.6846441947565545,,-0.08336260639093229,,Financials,sec_edgar_companyfacts
CAH,2025-09-30,5.2299999999999995,5164000000.0,3702500000.0,-2879000000.0,4593000000.0,-3769500000.0,2657783420.463032,,0.7169829589465531,,,,Health Care,sec_edgar_companyfacts
CCL,2025-08-31,3.83,13249000000.0,53669000000.0,11928000000.0,1763000000.0,63834000000.0,8306147681.740127,0.13012105902403306,4.05079628651219,,,,Consumer Discretionary,sec_edgar_companyfacts
CARR,2025-09-30,3.98,6277000000.0,22665000000.0,14839000000.0,1423000000.0,36081000000.0,4013499855.198378,0.11123582647926548,3.6108013382188946,,0.08447177119769855,,Industrials,sec_edgar_companyfacts
CAT,2025-06-30,22.7,16756000000.0,31744000000.0,18663000000.0,5442000000.0,44965000000.0,8466937765.205091,0.18830062860458338,1.8944855574122703,,0.11771815184732426,,Industrials,sec_edgar_companyfacts
CBOE,2025-09-30,17.13,2677800000.0,2959700000.0,4884900000.0,1496700000.0,6347900000.0,1434336187.1577897,0.22595443960330025,1.1052729852864291,,0.2691069720226864,,Financials,sec_edgar_companyfacts
CBRE,2025-09-30,5.64,3897000000.0,11352215000.0,8535000000.0,1669000000.0,18218215000.0,1908317619.3282263,0.10474778233368233,2.9130651783423147,,-0.06050500421025051,,Real Estate,sec_edgar_companyfacts
CDW,2025-06-30,9.809999999999999,2410300000.0,5632700000.0,2467200000.0,481000000.0,7618900000.0,1331010729.0233839,0.17469854296858914,2.3369290129859355,,-0.003967395161303622,,Information Technology,sec_edgar_companyfacts
COR,2025-06-30,23.08,7348360000.0,16597353000.0,1980193000.0,2231852000.0,16345694000.0,4450920841.200662,0.2722992881917808,2.258647235573652,,-0.013021288104126505,,Health Care,sec_edgar_companyfacts
CNC,2025-09-30,-23.169999999999998,-9398000000.0,36223000000.0,20948000000.0,17058000000.0,40113000000.0,-9649060000.0,-0.24054695485254157,,,0.24971736013513368,,Health Care,sec_edgar_companyfacts
CNP,2025-09-30,2.71,6173000000.0,41469000000.0,11035000000.0,37000000.0,52467000000.0,2926117812.852311,0.055770633214254885,6.717803337113235,,-0.0012610380610830196,,Utilities,sec_edgar_companyfacts
CF,2025-06-30,9.97,4423000000.0,6945000000.0,4963000000.0,287000000.0,11621000000.0,1946348275.0528045,0.167485438004716,1.570201220890798,,-0.16272292573747604,,Materials,sec_edgar_companyfacts
CRL,2025-06-28,4.44,1034951000.0,3237404000.0,3353321000.0,182824000.0,6407901000.0,304055681.8115225,0.04745012162508792,3.1280746624719433,,-0.5377846845636169,,Health Care,sec_edgar_companyfacts
SCHW,2025-06-30,4.85,498000000.0,37964000000.0,49451000000.0,32195000000.0,55220000000.0,0.0,0.0,76.23293172690764,,-0.03100702437878078,,Financials,sec_edgar_companyfacts
CHTR,2025-09-30,61.06,22573000000.0,198196000000.0,15340000000.0,464000000.0,213072000000.0,,,8.780224161609002,,0.02612047572908449,,Communication Services,sec_edgar_companyfacts
CVX,2025-06-30,9.38,21148000000.0,83775000000.0,146417000000.0,4008000000.0,226184000000.0,0.0,0.0,3.9613675052014377,,-0.1186710934448727,,Energy,sec_edgar_companyfacts
CMG,2025-09-30,2.11,4218320000.0,0.0,3221838000.0,698743000.0,2523095000.0,2300424110.7037044,0.9117469261774545,0.0,,-0.48958186742373566,,Consumer Discretionary,sec_edgar_companyfacts
CB,2025-09-30,42.58,,18476000000.0,71855000000.0,2285000000.0,88046000000.0,,,,,0.12583935610497243,,Financials,sec_edgar_companyfacts
CHD,2025-09-30,5.6,2304700000.0,4409000000.0,4223000000.0,305300000.0,8326700000.0,1216432224.6220303,0.14608815312453075,1.9130472512691457,,0.07124254564338517,,Consumer Staples,sec_edgar_companyfacts
CI,2025-09-30,40.76,20804000000.0,42616000000.0,41805000000.0,6025000000.0,78396000000.0,12652640000.0,0.16139394867085055,2.0484522207267832,,-0.10664390805752322,,Health Care,sec_edgar_companyfacts
CINF,2025-09-30,26.1,,845000000.0,15406000000.0,1460000000.0,14791000000.0,,,,,,,Financials,sec_edgar_companyfacts
CTAS,2025-08-31,6.73,3827705000.0,5288822000.0,4755700000.0,138143000.0,9906379000.0,2714670057.795781,0.27403252568832476,1.3817214231504256,,-0.1946795916444074,,Industrials,sec_edgar_companyfacts
CSCO,2025-07-26,4.42,21159000000.0,54467000000.0,46843000000.0,8346000000.0,92964000000.0,18838519504.74898,0.202643168374306,2.574176473368307,,-0.036436454461058365,,Information Technology,sec_edgar_companyfacts
C,2025-06-30,9.35,,395653000000.0,213222000000.0,188105000000.0,420770000000.0,,,,,-0.03230681842976879,,Financials,sec_edgar_companyfacts
CFG,2025-06-30,4.15,,12775000000.0,25234000000.0,4074000000.0,33935000000.0,,,,,-0.05869198988775448,,Financials,sec_edgar_companyfacts
CLX,2025-06-30,9.219999999999999,499000000.0,5812000000.0,321000000.0,167000000.0,5966000000.0,0.0,0.0,11.647294589178356,,0.40285656841231576,,Consumer Staples,sec_edgar_companyfacts
CME,2025-09-30,18.65,7836600000.0,0.0,28190300000.0,2446800000.0,25743500000.0,4334238029.2322855,0.16836242271766796,0.0,,0.054967184654114654,,Financials,sec_edgar_companyfacts
CMS,2025-09-30,5.84,5117000000.0,27001000000.0,8864000000.0,362000000.0,35503000000.0,2164655524.07932,0.06097105946199814,5.276724643345711,,0.031620288591399204,,Utilities,sec_edgar_companyfacts
KO,2025-09-26,5.8999999999999995,30029000000.0,77357000000.0,31247000000.0,13874000000.0,94730000000.0,22137163409.465508,0.23368693560081819,2.5760764594225583,,0.02352439551964225,,Consumer Staples,sec_edgar_companyfacts
CTSH,2025-09-30,7.74,7119000000.0,1372000000.0,14897000000.0,2341000000.0,13928000000.0,2944500000.0,0.21140867317633544,0.1927236971484759,,0.004494563196950185,,Information Technology,sec_edgar_companyfacts
COIN,2025-09-30,18.88,2611128000.0,14403056000.0,16023224000.0,8676275000.0,21750005000.0,1708057471.6162348,0.07853135995215793,5.516028321859365,,,,Financials,sec_edgar_companyfacts
CL,2025-09-30,6.25,8574000000.0,16009000000.0,856000000.0,1279000000.0,15586000000.0,5136569881.889764,0.32956306184330575,1.8671565197107534,,0.10505909320267426,,Consumer Staples,sec_edgar_companyfacts
CMCSA,2025-09-30,12.52,75204000000.0,8633000000.0,97081000000.0,9325000000.0,96389000000.0,26869857854.348804,0.27876477455258175,0.11479442582841339,,0.27891886671313393,,Communication Services,sec_edgar_companyfacts
CAG,2025-08-24,3.1,3262100000.0,15544400000.0,8915800000.0,698100000.0,23762100000.0,2236566789.6678967,0.09412327991498633,4.765151282915913,,0.11066881859836797,,Consumer Staples,sec_edgar_companyfacts
COP,2025-06-30,9.34,13558000000.0,24172000000.0,65572000000.0,4901000000.0,84843000000.0,0.0,0.0,1.7828588287358018,,-0.11724884103452426,,Energy,sec_edgar_companyfacts
ED,2025-06-30,7.54,6652000000.0,51040000000.0,23756000000.0,1506000000.0,73290000000.0,2792944799.0987606,0.03810812933686397,7.67288033674083,,0.023738589196561577,,Utilities,sec_edgar_companyfacts
STZ,2025-08-31,,4505100000.0,20837300000.0,7500400000.0,72000000.0,28265700000.0,2717616557.4977713,0.09614538318519518,4.6252691394197685,,,,Consumer Staples,sec_edgar_companyfacts
CEG,2025-06-30,9.92,4271000000.0,18181000000.0,13446000000.0,1974000000.0,29653000000.0,,,4.256848513228752,,,,Utilities,sec_edgar_companyfacts
COO,2025-07-31,3.34,2107500000.0,2922400000.0,8352800000.0,124900000.0,11150300000.0,634900000.0,0.05694017201330906,1.3866666666666667,,-0.24058552646211118,,Health Care,sec_edgar_companyfacts
CPRT,2025-07-31,2.77,3373140000.0,108761000.0,9187033000.0,2114183000.0,7181611000.0,2323656658.865976,0.3235564637051458,0.032243251095418514,,0.04432922321947852,,Industrials,sec_edgar_companyfacts
GLW,2025-09-30,2.9699999999999998,3787000000.0,4624000000.0,11536000000.0,1768000000.0,14392000000.0,,,1.2210192764721415,,-0.17741373334670263,,Information Technology,sec_edgar_companyfacts
CPAY,2025-06-30,18.66,2737782000.0,10826233000.0,3928573000.0,2192849000.0,12561957000.0,1480359482.7820635,0.11784465452174876,3.9543809550943063,,0.3427936708196284,,Financials,sec_edgar_companyfacts
CTVA,2025-06-30,4.98,2119000000.0,3225000000.0,25909000000.0,2065000000.0,27069000000.0,0.0,0.0,1.5219443133553563,,-0.03826094384923451,,Materials,sec_edgar_companyfacts
CSGP,2025-09-30,-0.17,180300000.0,1992900000.0,8615800000.0,1935300000.0,8673400000.0,-212826000.0,-0.02453778218461042,11.05324459234609,,-0.18229021689135771,,Real Estate,sec_edgar_companyfacts
COST,2025-08-31,28.7,21231000000.0,12442000000.0,29164000000.0,14161000000.0,27445000000.0,10911922293.592354,0.39759235903051027,0.5860298619942537,,0.05159700002209244,,Consumer Staples,sec_edgar_companyfacts
CTRA,2025-06-30,3.04,5792000000.0,8350000000.0,14556000000.0,192000000.0,22714000000.0,2359637743.1906614,0.1038847293823484,1.4416436464088398,,-0.21648825799740012,,Energy,sec_edgar_companyfacts
CRWD,2025-07-31,-1.57,-530993000.0,744727000.0,3756680000.0,4972436000.0,-471029000.0,,,,,,,Information Technology,sec_edgar_companyfacts
CCI,2025-06-30,-0.10000000000000009,2598000000.0,32356623000.0,-1382000000.0,94000000.0,30880623000.0,,,12.45443533487298,,,,Real Estate,sec_edgar_companyfacts
CSX,2025-09-30,2.75,11084000000.0,9832000000.0,12758000000.0,1958000000.0,20632000000.0,5193582172.085822,0.25172461089985565,0.8870443883074702,,0.3428077368378111,,Industrials,sec_edgar_companyfacts
CMI,2025-06-30,30.630000000000003,7909000000.0,2744000000.0,11789000000.0,3074000000.0,11459000000.0,2885000000.0,0.25176716991011433,0.3469465166266279,,0.13412652778786938,,Industrials,sec_edgar_companyfacts
CVS,2025-09-30,-1.0499999999999998,15566000000.0,143221000000.0,72928000000.0,9098000000.0,207051000000.0,5906830000.0,0.028528381896247783,9.200886547603751,,0.031122556545842173,,Health Care,sec_edgar_companyfacts
DHR,2025-09-26,7.51,9302000000.0,34572432000.0,51071000000.0,5687700000.0,79955732000.0,5830359621.451104,0.07291984546462665,3.7166665233283167,,0.2884093882283554,,Health Care,sec_edgar_companyfacts
DRI,2025-08-24,13.040000000000001,2804800000.0,3158000000.0,2225600000.0,211000000.0,5172600000.0,1741116464.5613124,0.33660373208083216,1.1259269823160296,,0.020886330010746912,,Consumer Discretionary,sec_edgar_companyfacts
DDOG,2025-06-30,0.30000000000000004,-8985000.0,0.0,3195757000.0,489030000.0,2706727000.0,-57339666.450247005,-0.021184133623467386,,,,,Information Technology,sec_edgar_companyfacts
DVA,2025-09-30,15.81,4734925000.0,14245680000.0,-571874000.0,705960000.0,12967846000.0,1996879127.9059606,0.15398695572926765,3.0086389963938185,,0.12898655810694315,,Health Care,sec_edgar_companyfacts
DAY,2025-09-30,-1.89,605900000.0,1339300000.0,2694700000.0,627600000.0,3406400000.0,197421000.0,0.057955906528886804,2.2104307641525005,,,,Industrials,sec_edgar_companyfacts
DECK,2025-09-30,8.49,1600631000.0,0.0,2466030000.0,1414479000.0,1051551000.0,960161627.0980687,0.9130908791851928,0.0,,-0.014801216134171624,,Consumer Discretionary,sec_edgar_companyfacts
DE,2025-07-27,35.78,28681000000.0,47054000000.0,25175000000.0,8580000000.0,63649000000.0,18024239103.61842,0.2831818112400575,1.6405983054984137,,0.01934038294707774,,Industrials,sec_edgar_companyfacts
DELL,2025-08-01,7.72,13715000000.0,57378000000.0,-2766000000.0,8145000000.0,46467000000.0,6070190723.562152,0.13063444430589777,4.183594604447685,,0.05309141995515709,,Information Technology,sec_edgar_companyfacts
DAL,2025-09-30,14.87,15060000000.0,28348000000.0,18822000000.0,3791000000.0,43379000000.0,8281240198.668498,0.19090435922147808,1.8823373173970783,,0.2094056626880414,,Industrials,sec_edgar_companyfacts
DVN,2025-06-30,5.65,8136000000.0,18403000000.0,15060000000.0,1713000000.0,31750000000.0,2663404669.2607,0.08388676123655749,2.261922320550639,,-0.12944943670387588,,Energy,sec_edgar_companyfacts
DXCM,2025-09-30,3.28,1678100000.0,2900000.0,2726100000.0,1835700000.0,893300000.0,948496600.3945969,1.061789544827714,0.0017281449258089506,,0.11607890187791692,,Health Care,sec_edgar_companyfacts
FANG,2025-06-30,17.6,11802000000.0,30266000000.0,38881000000.0,219000000.0,68928000000.0,4480781179.371276,0.06500669074064641,2.5644805965090662,,-0.08796402685564131,,Energy,sec_edgar_companyfacts
DLR,2025-09-30,9.65,4566956000.0,3271848000.0,23025030000.0,3299703000.0,22997175000.0,1267068320.3331943,0.05509669428237139,0.716417675142918,,0.36480118781104554,,Real Estate,sec_edgar_companyfacts
DG,2025-08-01,8.17,4404179000.0,12177063000.0,8012131000.0,1284567000.0,18904627000.0,1851785496.4621954,0.0979540879839732,2.764888302677979,,-0.1370812027228654,,Consumer Staples,sec_edgar_companyfacts
DLTR,2025-08-02,6.12,2312400000.0,6160400000.0,3605100000.0,666300000.0,9099200000.0,1083874161.4619477,0.11911752258022108,2.6640719598685347,,,,Consumer Staples,sec_edgar_companyfacts
D,2025-09-30,6.5,12534000000.0,79571000000.0,27691000000.0,932000000.0,106330000000.0,6658377801.494131,0.06261993606220381,6.348412318493697,,-0.16520871403878834,,Utilities,sec_edgar_companyfacts
DPZ,2025-09-07,28.25,1684265000.0,3121584000.0,-3961959000.0,139728000.0,-980103000.0,1102116742.2985482,,1.8533805547226831,,0.05901241910760313,,Consumer Discretionary,sec_edgar_companyfacts
DASH,2025-06-30,2.56,1503000000.0,0.0,8923000000.0,3911000000.0,5012000000.0,743000000.0,0.148244213886672,0.0,,,,Consumer Discretionary,sec_edgar_companyfacts
DOV,2025-09-30,13.78,3065622000.0,8011910000.0,7662936000.0,739144000.0,14935702000.0,1784754823.2182028,0.11949587794522165,2.6134696319376625,,0.21255972770242648,,Industrials,sec_edgar_companyfacts
DOW,2025-09-30,-4.25,4976000000.0,16270000000.0,17541000000.0,4609000000.0,29202000000.0,0.0,0.0,3.269694533762058,,-0.242141716744801,,Materials,sec_edgar_companyfacts
DHI,2025-06-30,19.66,210200000.0,0.0,24052900000.0,2614000000.0,21438900000.0,0.0,0.0,0.0,,-0.027789257306937265,,Consumer Discretionary,sec_edgar_companyfacts
DTE,2025-09-30,11.61,7777000000.0,34978000000.0,12158000000.0,34000000.0,47102000000.0,3767000000.0,0.0799753725956435,4.497621190690498,,0.0416694279273897,,Utilities,sec_edgar_companyfacts
DUK,2025-06-30,7.61,23732000000.0,168572000000.0,50891000000.0,344000000.0,219119000000.0,9115665057.432995,0.04160143601163292,7.103151862464183,,,,Utilities,sec_edgar_companyfacts
DD,2025-06-30,-1.46,2073000000.0,9019000000.0,23064000000.0,1837000000.0,30246000000.0,0.0,0.0,4.350699469368066,,-0.32308253261701414,,Materials,sec_edgar_companyfacts
EMN,2025-06-30,7.07,3733000000.0,9380000000.0,5835000000.0,837000000.0,14378000000.0,1902060679.6116505,0.13228965639251986,2.5127243503884276,,0.03849480352607815,,Materials,sec_edgar_companyfacts
ETN,2025-06-30,12.45,6805000000.0,19020000000.0,18606000000.0,398000000.0,37228000000.0,3909440204.081633,0.10501343623298681,2.7950036737692874,,0.0912168080821143,,Industrials,sec_edgar_companyfacts
EBAY,2025-09-30,7.180000000000001,4472000000.0,18367000000.0,4719000000.0,2423000000.0,20663000000.0,3228879668.049793,0.1562638371993318,4.107110912343471,,,,Consumer Discretionary,sec_edgar_companyfacts
ECL,2025-09-30,12.44,5584900000.0,12811400000.0,9719000000.0,1955800000.0,20574600000.0,3610835922.8774385,0.17549969004877075,2.2939354330426687,,0.03318429274774615,,Materials,sec_edgar_companyfacts
EIX,2025-09-30,14.42,16380000000.0,74635000000.0,17155000000.0,364000000.0,91426000000.0,7410957232.704403,0.08105962453464445,4.556471306471306,,0.15648925540080172,,Utilities,sec_edgar_companyfacts
EW,2025-06-30,7.4799999999999995,2264600000.0,1198000000.0,10545300000.0,3272800000.0,8470500000.0,1826021867.4211802,0.2155742715803294,0.5290117460037093,,0.012783702899640925,,Health Care,sec_edgar_companyfacts
EA,2025-09-30,3.7800000000000002,1319000000.0,0.0,6000000000.0,1148000000.0,4852000000.0,,,0.0,,0.08093427622582605,,Communication Services,sec_edgar_companyfacts
ELV,2025-09-30,53.04,17123000000.0,63294000000.0,43953000000.0,8713000000.0,98534000000.0,11727747849.327656,0.11902234608691067,3.696431700052561,,0.006916948569579917,,Health Care,sec_edgar_companyfacts
EME,2025-09-30,43.78,2746362000.0,0.0,3335398000.0,655104000.0,2680294000.0,1712540065.45098,0.6389373947227356,0.0,,0.21582606507462998,,Industrials,sec_edgar_companyfacts
EMR,2025-06-30,6.7,2662000000.0,22450000000.0,19870000000.0,4726000000.0,37594000000.0,0.0,0.0,8.43350864012021,,0.06045264231383474,,Industrials,sec_edgar_companyfacts
ETR,2025-09-30,7.85,10191161000.0,59481412000.0,16661702000.0,1516969000.0,74626145000.0,4394422061.078486,0.05888582427885678,5.836568767778274,,-0.14525147557938034,,Utilities,sec_edgar_companyfacts
EOG,2025-06-30,13.17,14464000000.0,8030000000.0,29238000000.0,5216000000.0,32052000000.0,6620055974.756483,0.2065411198913167,0.5551714601769911,,-0.0317573398565133,,Energy,sec_edgar_companyfacts
EPAM,2025-06-30,8.05,773749000.0,62899000.0,3667780000.0,1041344000.0,2689335000.0,364432424.7133655,0.13551023755440117,0.08129121976248112,,0.020314281304891546,,Information Technology,sec_edgar_companyfacts
EQT,2025-09-30,5.76,10089761000.0,16785644000.0,23151622000.0,235736000.0,39701530000.0,3808685175.965521,0.09593295714209303,1.6636314774948584,,-0.36562263210794266,,Energy,sec_edgar_companyfacts
EFX,2025-09-30,9.3,3547900000.0,9850800000.0,4938500000.0,189000000.0,14600300000.0,1238337947.082651,0.08481592481542509,2.776515685334987,,-0.030474172744632155,,Industrials,sec_edgar_companyfacts
EQIX,2025-09-30,25.89,6861000000.0,18527000000.0,14157000000.0,2077000000.0,30607000000.0,3000589440.504334,0.09803605190003378,2.70033522810086,,0.0207625128444886,,Real Estate,sec_edgar_companyfacts
EQR,2025-09-30,4.37,1754629000.0,9693052000.0,11084949000.0,93092000.0,20684909000.0,,,5.524274362272594,,0.05818842964479809,,Real Estate,sec_edgar_companyfacts
ERIE,2025-09-30,491.0,1374613000.0,40000000.0,2308878000.0,266417000.0,2082461000.0,919850262.8280318,0.44171308025842104,0.029099099164637612,,,,Financials,sec_edgar_companyfacts
ESS,2025-09-30,21.740000000000002,3114197000.0,6448334000.0,5631316000.0,65959000.0,12013691000.0,1774060000.0,0.1476698543353579,2.0706249476189207,,0.12976379656613024,,Real Estate,sec_edgar_companyfacts
EL,2025-09-30,-2.6999999999999997,942000000.0,2068900000.0,3890000000.0,2181000000.0,3777900000.0,-439295232.4548416,-0.11628027011166034,2.1962845010615712,,,,Consumer Staples,sec_edgar_companyfacts
EG,2025-09-30,70.18,,40000000.0,15375000000.0,331000000.0,15084000000.0,,,,,0.15909551080003848,,Financials,sec_edgar_companyfacts
EVRG,2025-06-30,4.58,3333600000.0,14473700000.0,9958800000.0,27800000.0,24404700000.0,1792101398.6013987,0.07343263382059188,4.341762658987281,,0.029955097712128786,,Utilities,sec_edgar_companyfacts
ES,2025-06-30,4.58,7060886000.0,29313340000.0,15665791000.0,343693000.0,44635438000.0,1895643000.0,0.042469461148784964,4.15151016458841,,-0.10933545038431014,,Utilities,sec_edgar_companyfacts
EXC,2025-06-30,3.2800000000000002,15217000000.0,92966000000.0,27620000000.0,724000000.0,119862000000.0,4380368223.29576,0.0365450953871599,6.109351383321285,,-0.10381731125928895,,Utilities,sec_edgar_companyfacts
EXE,2025-09-30,14.559999999999999,9932000000.0,10020000000.0,18150000000.0,613000000.0,27557000000.0,3564990930.9149103,0.12936788949867223,1.008860249697946,,,,Energy,sec_edgar_companyfacts
EXPE,2025-06-30,6.92,2687000000.0,12426000000.0,836000000.0,6304000000.0,6958000000.0,998372881.3559322,0.1434856110025772,4.624488276888724,,0.3276165580409083,,Consumer Discretionary,sec_edgar_companyfacts
EXPD,2025-06-30,7.26,1401388000.0,0.0,2195354000.0,1156162000.0,1039192000.0,833706212.7307053,0.8022638864913368,0.0,,-0.07085563728996347,,Industrials,sec_edgar_companyfacts
EXR,2025-09-30,7.640000000000001,3705052000.0,1060613000.0,13617621000.0,111931000.0,14566303000.0,2341281782.981369,0.16073273932180107,0.2862612994365531,,-0.08864117506687419,,Real Estate,sec_edgar_companyfacts
XOM,2025-06-30,8.719999999999999,29864000000.0,33411000000.0,262593000000.0,14352000000.0,281652000000.0,0.0,0.0,1.1187717653361908,,-0.09976787304931833,,Energy,sec_edgar_companyfacts
FFIV,2025-06-30,19.57,1498962000.0,0.0,3471684000.0,1426957000.0,2044727000.0,1047449528.9201117,0.5122686446259631,0.0,,0.12625971783087997,,Information Technology,sec_edgar_companyfacts
FDS,2025-08-31,26.82,1643426000.0,2736520000.0,2186413000.0,337651000.0,4585282000.0,1064172191.5425683,0.23208434978319073,1.6651312562902132,,0.05249679322106138,,Financials,sec_edgar_companyfacts
FICO,2025-06-30,46.84,1652464000.0,5574108000.0,-1397446000.0,189049000.0,3987613000.0,1261066961.1121342,0.31624607531175525,3.373209945874766,,0.07597806116187478,,Information Technology,sec_edgar_companyfacts
FAST,2025-09-30,1.97,3154400000.0,390000000.0,3894500000.0,288100000.0,3996400000.0,2031801690.9388695,0.5084079899256505,0.12363682475272635,,0.011378316457601567,,Industrials,sec_edgar_companyfacts
FRT,2025-09-30,8.18,1676003000.0,4496724000.0,3214558000.0,111311000.0,7599971000.0,826208860.0,0.10871210692777644,2.683004744024921,,-0.06200388463908546,,Real Estate,sec_edgar_companyfacts
FDX,2025-08-31,20.24,13382000000.0,21867000000.0,27771000000.0,6166000000.0,43472000000.0,4697272875.152501,0.10805283573685363,1.6340606785233895,,0.016621643462546132,,Industrials,sec_edgar_companyfacts
FIS,2025-06-30,-1.09,5164000000.0,24091000000.0,14168000000.0,581000000.0,37678000000.0,1580000000.0,0.04193428525930251,4.665182029434547,,,,Financials,sec_edgar_companyfacts
FITB,2025-06-30,3.95,,14492000000.0,21124000000.0,,,,,,,-0.012864050767502078,,Financials,sec_edgar_companyfacts
FSLR,2025-09-30,21.919999999999998,2863112000.0,1028370000.0,9015312000.0,1992173000.0,8051509000.0,2402358460.08122,0.29837369120263296,0.35917910301797484,,,,Information Technology,sec_edgar_companyfacts
FE,2025-09-30,4.16,8421000000.0,1268000000.0,12798000000.0,1404000000.0,12662000000.0,3679885286.783043,0.2906243316050421,0.15057594109963188,,0.19079804928341448,,Utilities,sec_edgar_companyfacts
FI,2025-09-30,11.51,13912000000.0,8602000000.0,25121000000.0,1068000000.0,32655000000.0,8277027027.027027,0.25346890298658786,0.6183151236342725,,0.06591139167774429,,Financials,sec_edgar_companyfacts
F,2025-09-30,1.42,18630000000.0,291000000.0,47392000000.0,26788000000.0,20895000000.0,3093394883.2035594,0.14804474195757641,0.015619967793880838,,,,Consumer Discretionary,sec_edgar_companyfacts
FTNT,2025-06-30,2.96,2530300000.0,1982800000.0,2060400000.0,3368500000.0,674700000.0,1864676308.539945,2.7637117363864605,0.7836224953562818,,0.16348426641216007,,Information Technology,sec_edgar_companyfacts
FTV,2025-09-26,2.8,2178200000.0,6827600000.0,6503900000.0,430800000.0,12900700000.0,1101215247.4832215,0.08536089107437748,3.134514736938757,,0.023619478841039765,,Industrials,sec_edgar_companyfacts
FOXA,2025-09-30,6.23,573000000.0,13206000000.0,12208000000.0,2818000000.0,22596000000.0,0.0,0.0,23.047120418848166,,0.1607671640534265,,Communication Services,sec_edgar_companyfacts
FOX,2025-09-30,6.23,573000000.0,13206000000.0,12208000000.0,2818000000.0,22596000000.0,0.0,0.0,23.047120418848166,,0.1607671640534265,,Communication Services,sec_edgar_companyfacts
BEN,2025-06-30,1.66,1454600000.0,4802921000.0,12203900000.0,4544300000.0,12462521000.0,723393478.2608696,0.05804551729628938,3.3018843668362434,,-0.19599327583387494,,Financials,sec_edgar_companyfacts
FCX,2025-06-30,1.9,13816000000.0,18659000000.0,18208000000.0,4490000000.0,32377000000.0,4704000000.0,0.14528832195694474,1.3505356108859294,,,,Materials,sec_edgar_companyfacts
GRMN,2025-09-27,13.81,2996139000.0,0.0,8478241000.0,2072845000.0,6405396000.0,,,0.0,,0.07690765663708476,,Consumer Discretionary,sec_edgar_companyfacts
IT,2025-06-30,16.96,1760577000.0,4295775000.0,1532626000.0,2197536000.0,3630865000.0,962200809.0216738,0.26500594459493093,2.4399813243044752,,0.09944150718396427,,Information Technology,sec_edgar_companyfacts
GE,2025-09-30,13.39,48878000000.0,21357000000.0,18812000000.0,43299000000.0,-3130000000.0,23301559983.279922,,0.43694504685134417,,0.039764801184305254,,Industrials,sec_edgar_companyfacts
GEHC,2025-09-30,7.59,4526000000.0,22566000000.0,9993000000.0,4005000000.0,28554000000.0,,,4.985859478568273,,-0.02595974409297419,,Health Care,sec_edgar_companyfacts
GEV,2025-09-30,10.68,1952000000.0,60000000.0,8646000000.0,,,,,0.030737704918032786,,,,Industrials,sec_edgar_companyfacts
GEN,2025-07-04,1.54,3170000000.0,17726000000.0,2365000000.0,1006000000.0,19085000000.0,1207500000.0,0.0632695834424941,5.591798107255521,,-0.13766364713799428,,Information Technology,sec_edgar_companyfacts
GNRC,2025-06-30,5.85,791554000.0,2881688000.0,2570523000.0,223531000.0,5228680000.0,410954261.30477834,0.0785961774873923,3.6405450544119544,,0.5041742338188457,,Industrials,sec_edgar_companyfacts
GD,2025-09-28,17.310000000000002,10680000000.0,16840000000.0,24434000000.0,2520000000.0,38754000000.0,7210846110.800223,0.18606714431543125,1.5767790262172285,,0.022582674009281822,,Industrials,sec_edgar_companyfacts
GIS,2025-08-24,8.33,7446700000.0,17593400000.0,9506600000.0,952900000.0,26147100000.0,4723065597.510104,0.18063439530617562,2.362576711832087,,-0.11567895838229814,,Consumer Staples,sec_edgar_companyfacts
GM,2025-09-30,15.18,36314000000.0,0.0,66374000000.0,22910000000.0,43464000000.0,11804868214.824934,0.2716010540867139,0.0,,0.007710518047559178,,Consumer Discretionary,sec_edgar_companyfacts
GPC,2025-09-30,11.53,3068467000.0,9934815000.0,4786631000.0,900123000.0,13821323000.0,1361271539.1177793,0.09849068277456356,3.237712838365216,,-0.04882450874608257,,Consumer Discretionary,sec_edgar_companyfacts
GILD,2025-06-30,6.21,10310000000.0,52698000000.0,19674000000.0,5412000000.0,66960000000.0,,,5.111348205625606,,-0.36359080972169533,,Health Care,sec_edgar_companyfacts
GPN,2025-06-30,5.7,3989019000.0,25368709000.0,22593075000.0,2611662000.0,45350122000.0,1565814318.4471226,0.03452723497518094,6.359636040841119,,0.7278424680166335,,Financials,sec_edgar_companyfacts
GL,2025-06-30,15.57,2436908000.0,4644828000.0,5419030000.0,38792000.0,10025066000.0,,,1.9060333832873462,,0.39749821451654777,,Financials,sec_edgar_companyfacts
GDDY,2025-09-30,10.280000000000001,2097100000.0,3784400000.0,91800000.0,966700000.0,2909500000.0,1534532607.6439285,0.5274214152410821,1.804587287206142,,,,Information Technology,sec_edgar_companyfacts
GS,2025-09-30,85.56,3928000000.0,301108000000.0,124402000000.0,169577000000.0,255933000000.0,0.0,0.0,76.65682281059063,,0.06164410753413563,,Financials,sec_edgar_companyfacts
HAL,2025-09-30,2.16,5731000000.0,15461000000.0,10203000000.0,2026000000.0,23638000000.0,1877500000.0,0.07942719350198832,2.6977839818530795,,,,Energy,sec_edgar_companyfacts
HIG,2025-09-30,22.13,3705000000.0,15871000000.0,18450000000.0,,,2199673692.4277906,,4.283670715249663,,0.43014097344331037,,Financials,sec_edgar_companyfacts
HAS,2025-06-29,-9.219999999999999,-775300000.0,7980915000.0,269700000.0,1181200000.0,7069415000.0,-752949000.0,-0.10650796423749348,,,0.13500027723318286,,Consumer Discretionary,sec_edgar_companyfacts
HCA,2025-09-30,47.3,6087000000.0,90631000000.0,-5335000000.0,997000000.0,84299000000.0,0.0,0.0,14.889272219484146,,0.02813650743029572,,Health Care,sec_edgar_companyfacts
DOC,2025-09-30,-0.07,1859474000.0,9131561000.0,7597275000.0,91038000.0,16637798000.0,0.0,0.0,4.910830159496718,,-0.17109848255950522,,Real Estate,sec_edgar_companyfacts
HSIC,2025-06-28,3.94,1221000000.0,2398546000.0,3445000000.0,145000000.0,5698546000.0,538784114.0529531,0.0945476467247879,1.9644111384111385,,-0.04846533092322958,,Health Care,sec_edgar_companyfacts
HSY,2025-09-28,3.0100000000000002,3052235000.0,10919768000.0,4564446000.0,365963000.0,15118251000.0,1093020500.0,0.0722980786600249,3.5776301628151175,,,,Consumer Staples,sec_edgar_companyfacts
HPE,2025-07-31,-1.13,3589000000.0,56203000000.0,24402000000.0,4571000000.0,76034000000.0,-1553930000.0,-0.02043730436383723,15.65979381443299,,0.23937483774570634,,Information Technology,sec_edgar_companyfacts
HLT,2025-09-30,11.53,5312000000.0,11000000.0,-4932000000.0,1057000000.0,-5978000000.0,2898724637.6811595,,0.0020707831325301206,,0.06270820528323284,,Consumer Discretionary,sec_edgar_companyfacts
HOLX,2025-06-28,3.2399999999999998,947800000.0,5018000000.0,4842500000.0,1879000000.0,7981500000.0,,,5.2943658999788985,,-0.08334873161012513,,Health Care,sec_edgar_companyfacts
HD,2025-08-03,19.73,33777000000.0,62458000000.0,10665000000.0,2804000000.0,70319000000.0,19544866945.350735,0.2779457464604266,1.8491281049234687,,-0.022303047788168717,,Consumer Discretionary,sec_edgar_companyfacts
HON,2025-09-30,17.5,19182000000.0,40733000000.0,16782000000.0,12930000000.0,44585000000.0,12829541303.961628,0.287754655241934,2.1235011990407675,,0.03680420241596383,,Industrials,sec_edgar_companyfacts
HRL,2025-07-27,2.27,2262800000.0,2951905000.0,8083268000.0,599189000.0,10435984000.0,1205990251.7352254,0.11556076089568798,1.3045364150609864,,-0.04181539386383337,,Consumer Staples,sec_edgar_companyfacts
HST,2025-06-30,1.46,2238000000.0,896000000.0,6638000000.0,490000000.0,7044000000.0,1187409803.9215686,0.16857038670096092,0.40035746201966044,,0.023836255539609663,,Real Estate,sec_edgar_companyfacts
HWM,2025-09-30,6.58,4265000000.0,6378000000.0,5143000000.0,659000000.0,10862000000.0,2807321761.851437,0.2584534857163908,1.4954279015240328,,0.36637800254915676,,Industrials,sec_edgar_companyfacts
HPQ,2025-07-31,4.0600000000000005,7013000000.0,20122000000.0,-901000000.0,2871000000.0,16350000000.0,4623075249.320036,0.2827568959828768,2.8692428347354912,,-0.0116790278877561,,Information Technology,sec_edgar_companyfacts
HUBB,2025-09-30,29.259999999999998,2468400000.0,4065600000.0,3681300000.0,666800000.0,7080100000.0,1572387038.2165606,0.2220854279200238,1.6470588235294117,,0.07370619657050259,,Industrials,sec_edgar_companyfacts
HUM,2025-06-30,33.6,7884000000.0,16880000000.0,18234000000.0,4040000000.0,31074000000.0,4682064070.9709215,0.15067464989930235,2.141045154743785,,-0.14684823330218177,,Health Care,sec_edgar_companyfacts
HBAN,2025-09-30,2.52,1600000000.0,17567000000.0,22248000000.0,1636000000.0,38179000000.0,0.0,0.0,10.979375,,-0.033952756390517425,,Financials,sec_edgar_companyfacts
HII,2025-09-30,26.55,1700000000.0,6282000000.0,4984000000.0,10000000.0,11256000000.0,805254789.2720307,0.07154004879815483,3.695294117647059,,-0.006738401691109064,,Industrials,sec_edgar_companyfacts
IBM,2025-09-30,12.85,,142357000000.0,27905000000.0,11569000000.0,158693000000.0,,,,,0.28999400963562105,,Information Technology,sec_edgar_companyfacts
IEX,2025-09-30,11.14,1509300000.0,3814600000.0,4011400000.0,593800000.0,7232200000.0,842235749.9405752,0.11645636873158585,2.527396806466574,,-0.029439214171664396,,Industrials,sec_edgar_companyfacts
IDXX,2025-06-30,15.98,1945277000.0,1142609000.0,1458827000.0,164594000.0,2436842000.0,1251283053.422887,0.5134855084666495,0.5873759880983531,,0.05849734939040996,,Health Care,sec_edgar_companyfacts
ITW,2025-09-30,18.11,7330000000.0,19929000000.0,3209000000.0,924000000.0,22214000000.0,,,2.7188267394270125,,0.03688947523730235,,Industrials,sec_edgar_companyfacts
INCY,2025-09-30,11.94,3091776000.0,20013631000.0,4651194000.0,2455006000.0,22209819000.0,1942732705.7011857,0.08747179370084851,6.473182727338592,,-0.3707118782397715,,Health Care,sec_edgar_companyfacts
IR,2025-09-30,1.28,2435700000.0,2779500000.0,10122500000.0,1176600000.0,11725400000.0,792600000.0,0.06759684104593447,1.1411503879788152,,0.06981818813161023,,Industrials,sec_edgar_companyfacts
PODD,2025-06-30,2.72,670900000.0,3227100000.0,1462900000.0,856600000.0,3833400000.0,395967563.3729954,0.10329408967835221,4.810105827992249,,1.4174970883118116,,Health Care,sec_edgar_companyfacts
INTC,2025-06-28,-5.6,-15661000000.0,110639000000.0,97883000000.0,9643000000.0,198879000000.0,-12648690000.0,-0.0635999275941653,,,,,Information Technology,sec_edgar_companyfacts
IBKR,2025-06-30,5.109999999999999,,628000000.0,4825000000.0,4688000000.0,765000000.0,,,,,0.13068177855996677,,Financials,sec_edgar_companyfacts
ICE,2025-09-30,10.04,11418000000.0,39239000000.0,28644000000.0,850000000.0,67033000000.0,5960582799.792351,0.08892012590503709,3.4365913469959715,,0.13125793402929986,,Financials,sec_edgar_companyfacts
IFF,2025-06-30,-2.96,849000000.0,15867000000.0,14404000000.0,816000000.0,29455000000.0,-917190000.0,-0.031138686131386862,18.68904593639576,,,,Materials,sec_edgar_companyfacts
IP,2025-06-30,0.26,4147000000.0,14457000000.0,18617000000.0,1135000000.0,31939000000.0,1778000000.0,0.055668618303641317,3.4861345551000724,,-0.1746784994058569,,Materials,sec_edgar_companyfacts
IPG,2025-06-30,0.47,846000000.0,4583100000.0,3712400000.0,1564400000.0,6731100000.0,268150000.0,0.039837470844289936,5.417375886524822,,-0.05040034372860913,,Communication Services,sec_edgar_companyfacts
INTU,2025-07-31,26.38,9761000000.0,12191000000.0,19710000000.0,2884000000.0,29017000000.0,,,1.2489499026739064,,0.10177086707418348,,Information Technology,sec_edgar_companyfacts
ISRG,2025-09-30,13.15,4905800000.0,0.0,16929700000.0,2806600000.0,14123100000.0,,,0.0,,0.11956273066159362,,Health Care,sec_edgar_companyfacts
IVZ,2025-06-30,0.82,1433600000.0,3329500000.0,13873100000.0,922700000.0,16279900000.0,541750000.0,0.03327723143262551,2.322474888392857,,-0.045580843184024666,,Financials,sec_edgar_companyfacts
INVH,2025-09-30,1.67,534886000.0,8230284000.0,9625944000.0,155370000.0,17700858000.0,,,15.386987133706995,,0.032709647184887336,,Real Estate,sec_edgar_companyfacts
IQV,2025-09-30,11.27,5546000000.0,25739000000.0,6160000000.0,1814000000.0,30085000000.0,2799722165.474974,0.09306040104620157,4.641002524341868,,0.05540016510473511,,Health Care,sec_edgar_companyfacts
IRM,2025-06-30,-0.31,2481224000.0,31192112000.0,-767436000.0,155716000.0,30268960000.0,1147909721.8097742,0.037923659148176025,12.571259991036682,,-0.2032625215550845,,Real Estate,sec_edgar_companyfacts
JBHT,2025-09-30,9.790000000000001,3041240000.0,2829554000.0,3571866000.0,52290000.0,6349130000.0,936016553.9847361,0.1474243800307658,0.9303948389472715,,-0.0960112364792961,,Industrials,sec_edgar_companyfacts
JBL,2025-08-31,8.959999999999999,3669000000.0,6199419000.0,1513000000.0,1933000000.0,5779419000.0,1127939698.4924624,0.1951648943418815,1.6896753883892068,,-0.0033445565535255017,,Information Technology,sec_edgar_companyfacts
JKHY,2025-06-30,10.32,949037000.0,35000000.0,2130832000.0,39870000.0,2125962000.0,,,0.036879489419274485,,0.0444704909114948,,Financials,sec_edgar_companyfacts
J,2025-06-27,3.02,1710899000.0,2560322000.0,3822021000.0,1293307000.0,5089036000.0,756403500.0,0.14863394560384324,1.4964775828380283,,0.1514641134016148,,Industrials,sec_edgar_companyfacts
JNJ,2025-09-28,20.17,53755000000.0,89544000000.0,79277000000.0,18562000000.0,150259000000.0,27557254002.00356,0.1833983588470811,1.6657799274486094,,0.2418939130862814,,Health Care,sec_edgar_companyfacts
JCI,2025-06-30,5.5600000000000005,3530000000.0,10901000000.0,15830000000.0,731000000.0,26000000000.0,1569794229.7223735,0.06037670114316821,3.088101983002833,,0.028469188070353812,,Industrials,sec_edgar_companyfacts
JPM,2025-06-30,24.990000000000002,,359470000000.0,356924000000.0,278793000000.0,437601000000.0,,,,,0.1031337193601165,,Financials,sec_edgar_companyfacts
K,2025-09-27,6.06,3903000000.0,10434000000.0,4203000000.0,240000000.0,14397000000.0,2247244465.3791804,0.15609116242128085,2.6733282090699464,,0.30376374543815277,,Consumer Staples,sec_edgar_companyfacts
KVUE,2025-06-29,0.98,4182000000.0,10789000000.0,10730000000.0,1070000000.0,20449000000.0,1799148366.3631496,0.08798221753450779,2.579866092778575,,0.1967245924901726,,Consumer Staples,sec_edgar_companyfacts
KDP,2025-09-30,2.94,6422000000.0,28348000000.0,25324000000.0,516000000.0,53156000000.0,4157569787.478461,0.07821449671680451,4.414201183431953,,0.0077982155897833305,,Consumer Staples,sec_edgar_companyfacts
KEY,2025-06-30,0.8999999999999999,1853000000.0,12584000000.0,19484000000.0,,,0.0,,6.791149487317863,,,,Financials,sec_edgar_companyfacts
KEYS,2025-07-31,8.6,1986000000.0,5066000000.0,5670000000.0,2636000000.0,8100000000.0,1168041582.830315,0.1442026645469525,2.5508559919436053,,-0.106974771226234,,Information Technology,sec_edgar_companyfacts
KMB,2025-09-30,10.67,6118000000.0,15638000000.0,1332000000.0,617000000.0,16353000000.0,2947694905.7134814,0.18025407605414795,2.5560640732265445,,0.057085667704241505,,Consumer Staples,sec_edgar_companyfacts
KIM,2025-09-30,1.64,2771997000.0,7964700000.0,10486208000.0,159339000.0,18291569000.0,1352499535.493165,0.07394114389493679,2.8732715078695974,,0.15387288143462308,,Real Estate,sec_edgar_companyfacts
KMI,2025-09-30,2.16,12158000000.0,70897000000.0,30740000000.0,71000000.0,101566000000.0,5799392761.116857,0.05709974559514854,5.831304490870209,,0.00877327424786456,,Energy,sec_edgar_companyfacts
KKR,2025-06-30,,33200000.0,36914472000.0,28219229000.0,5363009000.0,59770692000.0,0.0,0.0,1111.881686746988,,,,Financials,sec_edgar_companyfacts
KLAC,2025-09-30,44.11,1762840000.0,10057179000.0,4985071000.0,1946211000.0,13096039000.0,896016340.0278002,0.06841888146696877,5.705100292709491,,0.046900799254689485,,Information Technology,sec_edgar_companyfacts
KHC,2025-09-27,-17.53,-17805000000.0,13649000000.0,41450000000.0,2114000000.0,52985000000.0,-15389200000.0,-0.29044446541474,,,0.03422495892398425,,Consumer Staples,sec_edgar_companyfacts
KR,2025-08-16,5.24,9613000000.0,31892000000.0,9282000000.0,4883000000.0,36291000000.0,3768841367.713005,0.10385057914394767,3.317590762509102,,0.037024286796447425,,Consumer Staples,sec_edgar_companyfacts
LHX,2025-10-03,16.3,6134000000.0,19327000000.0,19532000000.0,339000000.0,38520000000.0,3282273615.6351795,0.08520959542147402,3.150798826214542,,0.07468324396342041,,Industrials,sec_edgar_companyfacts
LH,2025-09-30,19.8,4113600000.0,12297800000.0,8696900000.0,598100000.0,20396600000.0,1767527210.6026092,0.08665793370476498,2.989546868922598,,-0.08746155173102765,,Health Care,sec_edgar_companyfacts
LRCX,2025-09-28,6.0,9558843000.0,9778605000.0,10192752000.0,6693046000.0,13278311000.0,7511149768.185544,0.5656705712183985,1.0229904393240898,,-0.3402857816466296,,Information Technology,sec_edgar_companyfacts
LW,2025-08-24,2.9,1613000000.0,6508200000.0,1789800000.0,98600000.0,8199400000.0,451500000.0,0.055065004756445594,4.034841909485431,,-0.18493725872148925,,Consumer Staples,sec_edgar_companyfacts
LVS,2025-09-30,4.1899999999999995,7578000000.0,9496002000.0,1571000000.0,3353000000.0,7714002000.0,4015977777.7777777,0.5206088587710734,1.2531013460015836,,-0.0208516376390232,,Consumer Discretionary,sec_edgar_companyfacts
LDOS,2025-07-04,14.26,3279000000.0,2424000000.0,4662000000.0,930000000.0,6156000000.0,1870076923.0769231,0.30378117658819415,0.7392497712717292,,0.13200891972574902,,Industrials,sec_edgar_companyfacts
LEN,2025-08-31,13.93,8573712000.0,6650866000.0,22570320000.0,2779141000.0,26442045000.0,5709672149.641984,0.21593156465931376,0.7757277128039757,,-0.018619513335710325,,Consumer Discretionary,sec_edgar_companyfacts
LII,2025-09-30,44.129999999999995,2179200000.0,471500000.0,1070100000.0,52900000.0,1488700000.0,1529403297.124601,1.0273415040804734,0.21636380323054333,,0.10182567736269688,,Industrials,sec_edgar_companyfacts
LLY,2025-09-30,37.41,4097200000.0,78330800000.0,23793300000.0,9791900000.0,92332200000.0,0.0,0.0,19.118129454261446,,0.11158214152808754,,Health Care,sec_edgar_companyfacts
LIN,2025-09-30,26.4,22732000000.0,51618000000.0,38616000000.0,4509000000.0,85725000000.0,11523734762.43801,0.13442676888233315,2.270719690304417,,0.10600083404192051,,Materials,sec_edgar_companyfacts
LYV,2025-06-30,1.8399999999999999,2596330000.0,1715688000.0,360070000.0,7056975000.0,-4981217000.0,1197204213.410109,,0.6608127626303282,,0.1486983549970351,,Communication Services,sec_edgar_companyfacts
LKQ,2025-09-30,4.95,2809000000.0,14817000.0,6554000000.0,289000000.0,6279817000.0,1358985904.4635866,0.2164053354522252,0.0052748309006763975,,-0.08700111335974448,,Consumer Discretionary,sec_edgar_companyfacts
LMT,2025-09-28,32.85,14051000000.0,42959000000.0,6181000000.0,3470000000.0,45670000000.0,9278355359.001041,0.2031608355375748,3.0573624653049607,,0.005931072948361704,,Industrials,sec_edgar_companyfacts
L,2025-06-30,9.04,580000000.0,19184000000.0,17514000000.0,,,0.0,,33.07586206896552,,0.1365492660437233,,Financials,sec_edgar_companyfacts
LOW,2025-08-01,17.37,17351000000.0,40468000000.0,-11400000000.0,4860000000.0,24208000000.0,9913341588.211216,0.40950684022683476,2.332315140337733,,0.03757882685458336,,Consumer Discretionary,sec_edgar_companyfacts
LULU,2025-08-03,14.27,2997626000.0,0.0,4387279000.0,881320000.0,3505959000.0,1364673593.7507253,0.38924402531539165,0.0,,0.16991126516816335,,Consumer Discretionary,sec_edgar_companyfacts
LYB,2025-09-30,-3.44,1985000000.0,10214000000.0,10599000000.0,1784000000.0,19029000000.0,-367752967.5547349,-0.01932592188526643,5.145591939546599,,-0.18874079082390816,,Materials,sec_edgar_companyfacts
MTB,2025-09-30,28.95,725000000.0,14987000000.0,28728000000.0,1420888000.0,42294112000.0,0.0,0.0,20.671724137931033,,0.048919970055620876,,Financials,sec_edgar_companyfacts
MPC,2025-06-30,9.27,11127000000.0,8451000000.0,16624000000.0,1673000000.0,23402000000.0,5346321748.107364,0.22845576224713118,0.7595039094095444,,-0.18550383622065203,,Energy,sec_edgar_companyfacts
MAR,2025-06-30,12.41,5555000000.0,2550000000.0,-2964000000.0,671000000.0,-1085000000.0,3830493609.769952,,0.459045904590459,,0.02844551135436424,,Consumer Discretionary,sec_edgar_companyfacts
MMC,2025-09-30,15.940000000000001,12468000000.0,41471000000.0,15359000000.0,2511000000.0,54319000000.0,7964354924.5785265,0.14662189886740415,3.326195059351941,,0.06253506936571873,,Financials,sec_edgar_companyfacts
MLM,2025-06-30,20.55,2964000000.0,11122048000.0,9363000000.0,225000000.0,20260048000.0,1328625899.2805758,0.06557861557290366,3.7523778677462887,,0.18500590365893066,,Materials,sec_edgar_companyfacts
MAS,2025-09-30,7.39,2668000000.0,6099000000.0,-78000000.0,559000000.0,5462000000.0,1567552564.102564,0.2869924137866284,2.2859820089955023,,0.0070620815387880675,,Industrials,sec_edgar_companyfacts
MA,2025-09-30,28.07,34724000000.0,19004000000.0,7904000000.0,10313000000.0,16595000000.0,16375500000.0,0.9867731244350708,0.5472871788964405,,0.06328642676784946,,Financials,sec_edgar_companyfacts
MTCH,2025-06-30,2.37,943688000.0,6857441000.0,-230881000.0,335243000.0,6291317000.0,,,7.266640033570417,,0.10251863022486396,,Communication Services,sec_edgar_companyfacts
MKC,2025-08-31,4.83,2259500000.0,8651800000.0,5752800000.0,94900000.0,14309700000.0,1344869045.0561278,0.09398303563709426,3.8290772294755477,,0.029903329467906747,,Consumer Staples,sec_edgar_companyfacts
MCD,2025-06-30,14.61,16875000000.0,80617000000.0,-2760000000.0,1876000000.0,75981000000.0,11066105363.437172,0.14564306028398116,4.777303703703704,,0.0645737286571757,,Consumer Discretionary,sec_edgar_companyfacts
MCK,2025-06-30,30.87,7149000000.0,17480000000.0,-1967000000.0,2418000000.0,13095000000.0,3605190403.6557503,0.2753104546510691,2.445097216393901,,0.0054535756833749005,,Health Care,sec_edgar_companyfacts
MDT,2025-07-25,5.6,13973000000.0,27346000000.0,47893000000.0,1273000000.0,73966000000.0,7277184466.019418,0.09838553478651567,1.9570600443712876,,0.05063440555040799,,Health Care,sec_edgar_companyfacts
MRK,2025-06-30,8.78,8127000000.0,56002000000.0,48993000000.0,8007000000.0,96988000000.0,0.0,0.0,6.890857635043681,,0.03372437664828398,,Health Care,sec_edgar_companyfacts
META,2025-09-30,36.37,173889000000.0,57660000000.0,194066000000.0,10187000000.0,241539000000.0,68752000000.0,0.2846414036656606,0.33159084243396647,,0.22669178000670986,,Communication Services,sec_edgar_companyfacts
MET,2025-06-30,6.4399999999999995,7278000000.0,19258000000.0,27685000000.0,22178000000.0,24765000000.0,,,2.646056608958505,,0.6538992167285935,,Financials,sec_edgar_companyfacts
MTD,2025-06-30,45.089999999999996,,4307657000.0,-258793000.0,61825000.0,3987039000.0,,,,,0.010553334246142132,,Health Care,sec_edgar_companyfacts
MGM,2025-09-30,-0.4900000000000001,3478352000.0,13002148000.0,2675981000.0,2133548000.0,13544581000.0,1388902950.0,0.10254307239182962,3.738019613886116,,-0.07215130138321679,,Consumer Discretionary,sec_edgar_companyfacts
MCHP,2025-06-30,0.23000000000000004,1905400000.0,10916200000.0,6857100000.0,566500000.0,17206800000.0,316903056.768559,0.018417315059660076,5.729085756271649,,,,Information Technology,sec_edgar_companyfacts
MU,2025-08-28,10.92,32141000000.0,15717000000.0,54165000000.0,9642000000.0,60240000000.0,11892589277.120031,0.19742014072244407,0.48900158675834604,,,,Information Technology,sec_edgar_companyfacts
MSFT,2025-09-30,20.4,195819000000.0,86416000000.0,363076000000.0,102012000000.0,347480000000.0,,,0.4413054912955331,,0.07099588603959828,,Information Technology,sec_edgar_companyfacts
MAA,2025-09-30,7.52,1584923000.0,0.0,5818270000.0,32249000.0,5786021000.0,194875375.04383725,0.03368037811197665,0.0,,-0.03906689271774233,,Real Estate,sec_edgar_companyfacts
MRNA,2025-06-30,-9.26,-3745000000.0,0.0,9399000000.0,1279000000.0,8120000000.0,-3147360000.0,-0.38760591133004924,,,,,Health Care,sec_edgar_companyfacts
MHK,2025-09-27,12.82,2139900000.0,4164200000.0,8335600000.0,516200000.0,11983600000.0,795574195.9611069,0.06638858072374804,1.9459787840553298,,0.8361660769721155,,Consumer Discretionary,sec_edgar_companyfacts
MOH,2025-09-30,28.24,2712000000.0,5318000000.0,4191000000.0,4221000000.0,5288000000.0,1496749385.7493858,0.28304640426425604,1.960914454277286,,0.08548365547378345,,Health Care,sec_edgar_companyfacts
TAP,2025-06-30,7.46,3203900000.0,12729900000.0,13440700000.0,613800000.0,25556800000.0,1331726447.0443351,0.05210849742707754,3.9732513499172883,,0.320992732135142,,Consumer Staples,sec_edgar_companyfacts
MDLZ,2025-09-30,3.23,9328000000.0,45402000000.0,26177000000.0,2476000000.0,69103000000.0,4442564443.389508,0.06428902425928698,4.867281303602058,,0.11777400889572065,,Consumer Staples,sec_edgar_companyfacts
MPWR,2025-06-30,14.09,910409000.0,0.0,3402068000.0,787382000.0,2614686000.0,590624676.1152909,0.22588742056036207,0.0,,0.32233887577258136,,Information Technology,sec_edgar_companyfacts
MNST,2025-06-30,3.7,3059638000.0,398118000.0,7191304000.0,1926927000.0,5662495000.0,2277293500.0,0.4021713926458213,0.13011931476860988,,0.4335504882036294,,Consumer Staples,sec_edgar_companyfacts
MCO,2025-09-30,23.73,6812000000.0,15065900000.0,3957000000.0,2181000000.0,16841900000.0,4054260991.580917,0.24072468020715695,2.21167058132707,,0.08640834027159561,,Financials,sec_edgar_companyfacts
MS,2025-06-30,11.34,8799000000.0,345309000000.0,108184000000.0,109130000000.0,344363000000.0,0.0,0.0,39.24411864984658,,0.05268492238527456,,Financials,sec_edgar_companyfacts
MOS,2025-06-30,4.46,2528500000.0,4681200000.0,12435000000.0,286200000.0,16830000000.0,860149204.1132553,0.051108092936022295,1.8513743326082657,,-0.44081831071701505,,Materials,sec_edgar_companyfacts
MSI,2025-09-27,20.830000000000002,5560000000.0,11309000000.0,2327000000.0,894000000.0,12742000000.0,3358075503.831961,0.263543831724373,2.0339928057553958,,0.03082680401156357,,Information Technology,sec_edgar_companyfacts
MSCI,2025-09-30,27.669999999999998,2968578000.0,11015542000.0,-1915975000.0,400089000.0,8699478000.0,2214123094.631097,0.2545121781595513,3.710713344907899,,0.055592528891176274,,Financials,sec_edgar_companyfacts
NDAQ,2025-09-30,5.16,5071000000.0,18575000000.0,12023000000.0,470000000.0,30128000000.0,3057882352.9411764,0.1014963606260348,3.662985604417275,,-0.03107586486770586,,Financials,sec_edgar_companyfacts
NTAP,2025-07-25,8.04,2435000000.0,4970000000.0,975000000.0,3324000000.0,2621000000.0,1543503279.6660705,0.5888986187203626,2.0410677618069815,,-0.00417987467364922,,Information Technology,sec_edgar_companyfacts
NFLX,2025-09-30,46.53,25089399000.0,34998754000.0,25954035000.0,9287287000.0,51665502000.0,20531230050.77021,0.39738760402967166,1.3949618322862178,,0.14788908602866568,,Communication Services,sec_edgar_companyfacts
NEM,2025-09-30,12.25,4332000000.0,10360000000.0,33226000000.0,5639000000.0,37947000000.0,0.0,0.0,2.3915050784856877,,,,Materials,sec_edgar_companyfacts
NWSA,2025-06-30,1.92,791000000.0,3924000000.0,8774000000.0,2403000000.0,10295000000.0,0.0,0.0,4.960809102402023,,0.708463706036224,,Communication Services,sec_edgar_companyfacts
NWS,2025-06-30,1.92,791000000.0,3924000000.0,8774000000.0,2403000000.0,10295000000.0,0.0,0.0,4.960809102402023,,0.708463706036224,,Communication Services,sec_edgar_companyfacts
NEE,2025-09-30,6.119999999999999,28175000000.0,97462000000.0,54181000000.0,2391000000.0,149252000000.0,15299000000.0,0.102504489052073,3.4591659272404613,,0.09921367132019898,,Utilities,sec_edgar_companyfacts
NKE,2025-08-31,3.83,378000000.0,15961000000.0,13468000000.0,7024000000.0,22405000000.0,0.0,0.0,42.22486772486773,,-0.07732182963355139,,Consumer Discretionary,sec_edgar_companyfacts
NI,2025-09-30,3.06,4893600000.0,9573500000.0,9118200000.0,95000000.0,18596700000.0,2251967349.197565,0.12109499799413687,1.9563307176720615,,-0.009594100478406364,,Utilities,sec_edgar_companyfacts
NDSN,2025-07-31,13.64,1487417000.0,4228912000.0,2981785000.0,147788000.0,7062909000.0,839852166.9222395,0.11891023470955658,2.8431246919996207,,-0.016421585577322872,,Industrials,sec_edgar_companyfacts
NSC,2025-09-30,23.17,11102000000.0,11192000000.0,15141000000.0,1418000000.0,24915000000.0,5198782841.823056,0.20866076025779876,1.0081066474509097,,-0.03575192934739546,,Industrials,sec_edgar_companyfacts
NTRS,2025-09-30,14.77,,1421600000.0,12956000000.0,,,,,,,0.09735017822325887,,Financials,sec_edgar_companyfacts
NOC,2025-09-30,46.39,10387000000.0,33368000000.0,15988000000.0,1957000000.0,47399000000.0,6250437612.208259,0.13186855444647058,3.2124771348801384,,-0.020734125177660157,,Industrials,sec_edgar_companyfacts
NCLH,2025-06-30,0.9099999999999999,3425090000.0,1552480000.0,1569570000.0,184015000.0,2938035000.0,1915519971.68553,0.6519731629083826,0.4532669214531589,,,,Consumer Discretionary,sec_edgar_companyfacts
NRG,2025-06-30,2.2099999999999995,3148000000.0,21836000000.0,2288000000.0,180000000.0,23944000000.0,1109333333.3333333,0.046330326316961795,6.936467598475223,,-0.007062299674330141,,Utilities,sec_edgar_companyfacts
NUE,2025-07-05,7.58,,9776908000.0,20389000000.0,1946000000.0,28219908000.0,,,,,-0.1733254843271348,,Materials,sec_edgar_companyfacts
NVDA,2025-07-27,4.46,126080000000.0,16932000000.0,100131000000.0,11639000000.0,105424000000.0,101062189958.34207,0.9586260240395172,0.1342956852791878,,0.11060497971884509,,Information Technology,sec_edgar_companyfacts
NVR,2025-06-30,537.0699999999999,39412000.0,600115000.0,3845131000.0,2809782000.0,1635464000.0,0.0,0.0,15.22670760174566,,0.00597509626774273,,Consumer Discretionary,sec_edgar_companyfacts
NXPI,2025-09-28,14.06,6935000000.0,24845000000.0,10045000000.0,3454000000.0,31436000000.0,3955322616.71792,0.1258214345564932,3.5825522710886806,,-0.016052161259341946,,Information Technology,sec_edgar_companyfacts
ORLY,2025-06-30,22.94,5140192000.0,10247792000.0,-1231862000.0,198613000.0,8817317000.0,3033452313.983785,0.3440334870555051,1.9936593808169034,,0.3180846296578268,,Consumer Discretionary,sec_edgar_companyfacts
OXY,2025-06-30,3.04,9632000000.0,49537000000.0,35722000000.0,2326000000.0,82933000000.0,0.0,0.0,5.14296096345515,,-0.27757356674278666,,Energy,sec_edgar_companyfacts
ODFL,2025-06-30,6.35,2240017000.0,65000000.0,4230631000.0,24057000.0,4271574000.0,1211797833.6673672,0.28368883078400775,0.029017636919719807,,-0.14763294761232837,,Industrials,sec_edgar_companyfacts
OMC,2025-09-30,10.34,3698500000.0,6596900000.0,4613300000.0,5316800000.0,5893400000.0,1880595775.0640144,0.3191020081895026,1.7836690550223064,,0.03241984138080345,,Communication Services,sec_edgar_companyfacts
ON,2025-07-04,-0.5699999999999998,968400000.0,7391000000.0,7940800000.0,2526700000.0,12805100000.0,-249008000.0,-0.019446001983584666,7.632176786451879,,-0.03104515419338827,,Information Technology,sec_edgar_companyfacts
OKE,2025-09-30,9.08,12469000000.0,68632000000.0,22081000000.0,1199000000.0,89514000000.0,6779542570.0687475,0.07573723183042594,5.504210441895902,,0.06128460340647135,,Energy,sec_edgar_companyfacts
ORCL,2025-08-31,6.28,25424000000.0,7271000000.0,24154000000.0,10445000000.0,20980000000.0,,,0.28598961611076146,,0.07169269592408734,,Information Technology,sec_edgar_companyfacts
OTIS,2025-09-30,6.09,3635000000.0,16312000000.0,-5422000000.0,840000000.0,10050000000.0,,,4.487482806052269,,0.06576275663547437,,Industrials,sec_edgar_companyfacts
PCAR,2025-09-30,8.27,1320800000.0,0.0,19368600000.0,3219400000.0,16149200000.0,0.0,0.0,0.0,,0.0655942032889687,,Industrials,sec_edgar_companyfacts
PKG,2025-06-30,12.5,2240900000.0,4967400000.0,4632100000.0,787900000.0,8811600000.0,1050970390.7149818,0.11927123232046187,2.216698647864697,,-0.04136078806648802,,Materials,sec_edgar_companyfacts
PLTR,2025-06-30,0.48,1064719000.0,0.0,5928901000.0,929547000.0,4999354000.0,982401012.3253018,0.19650559098741593,0.0,,,,Information Technology,sec_edgar_companyfacts
PANW,2025-07-31,2.86,2454000000.0,1991500000.0,7824400000.0,2268600000.0,7547300000.0,1471197198.5203452,0.1949302662568528,0.8115321923390383,,0.04563955259127317,,Information Technology,sec_edgar_companyfacts
PSKY,2025-06-30,0.0,0.0,0.0,0.0,,,,,,,,,Communication Services,sec_edgar_companyfacts
PH,2025-06-30,47.19,7309548000.0,22185043000.0,13682000000.0,467000000.0,35400043000.0,,,3.0350772715358048,,0.11075189859869417,,Industrials,sec_edgar_companyfacts
PAYX,2025-08-31,7.39,3901200000.0,9918900000.0,3970600000.0,809000000.0,13080500000.0,1774200000.0,0.13563701693360344,2.542525376807136,,0.012696722633877444,,Industrials,sec_edgar_companyfacts
PAYC,2025-06-30,9.43,888874000.0,58000000.0,1801900000.0,532200000.0,1327700000.0,474519889.7119893,0.3573999319966779,0.06525109295580701,,0.1300662340077714,,Industrials,sec_edgar_companyfacts
PYPL,2025-09-30,9.05,12853000000.0,11276000000.0,20198000000.0,8995000000.0,22479000000.0,7798403383.558023,0.3469194974668812,0.8773049093596825,,0.1380604263098537,,Financials,sec_edgar_companyfacts
PNR,2025-09-30,6.79,1522700000.0,3160617000.0,3782400000.0,128400000.0,6814617000.0,,,2.075666250738819,,0.0521913347185845,,Industrials,sec_edgar_companyfacts
PEP,2025-09-06,9.22,24539000000.0,98470000000.0,19388000000.0,8126000000.0,109732000000.0,13065906420.279556,0.1190710678770054,4.012795957455479,,0.01599122100410355,,Consumer Staples,sec_edgar_companyfacts
PFE,2025-06-29,2.84,11708000000.0,70043000000.0,88695000000.0,1638000000.0,157100000000.0,0.0,0.0,5.982490604714725,,-0.237488571494351,,Health Care,sec_edgar_companyfacts
PCG,2025-09-30,2.01,8146000000.0,112894000000.0,31978000000.0,404000000.0,144468000000.0,,,13.858826417873804,,0.06483841633998533,,Utilities,sec_edgar_companyfacts
PM,2025-09-30,13.74,30190000000.0,35392000000.0,-10914000000.0,4037000000.0,20441000000.0,20794748986.15578,1.0173058552006156,1.1723087114938722,,-0.0489738461581698,,Consumer Staples,sec_edgar_companyfacts
PSX,2025-09-30,9.45,5682000000.0,4687000000.0,26917000000.0,1845000000.0,29759000000.0,0.0,0.0,0.8248856036606829,,-0.265044858430575,,Energy,sec_edgar_companyfacts
PNW,2025-06-30,6.45,3196543000.0,13599002000.0,6726788000.0,18841000.0,20306949000.0,829950251.1325659,0.04087025831071747,4.254284081271549,,0.042279839869102,,Utilities,sec_edgar_companyfacts
PNC,2025-06-30,18.22,1389000000.0,60438000000.0,57607000000.0,,,0.0,,43.511879049676025,,-0.0015935181673329968,,Financials,sec_edgar_companyfacts
POOL,2025-09-30,25.11,1329059000.0,2136885000.0,1379890000.0,36693000.0,3480082000.0,,,1.6078180125938728,,0.13840866447113576,,Consumer Discretionary,sec_edgar_companyfacts
PPG,2025-09-30,13.18,5965000000.0,15553000000.0,7800000000.0,1832000000.0,21521000000.0,3375663557.6282477,0.15685440070759946,2.607376362112322,,0.019159067020927845,,Materials,sec_edgar_companyfacts
PPL,2025-06-30,1.9000000000000001,2596000000.0,34300000000.0,14286000000.0,294000000.0,48292000000.0,,,13.212634822804315,,0.03303780411393231,,Utilities,sec_edgar_companyfacts
PFG,2025-09-30,7.69,202900000.0,3937600000.0,11665500000.0,5137100000.0,10466000000.0,0.0,0.0,19.406604238541153,,-0.1873696811988611,,Financials,sec_edgar_companyfacts
PG,2025-09-30,10.4,37298000000.0,68558000000.0,53551000000.0,9304000000.0,112805000000.0,24013769915.320686,0.2128785950562536,1.8381146442168481,,0.01987229763562559,,Consumer Staples,sec_edgar_companyfacts
PGR,2025-06-30,23.51,,2664100000.0,32604000000.0,,,,,,,0.6492864727424663,,Financials,sec_edgar_companyfacts
PLD,2025-09-30,4.74,10947261000.0,35302901000.0,52635541000.0,1186022000.0,86752420000.0,5992431603.402343,0.06907509442851673,3.2248158694672577,,0.15038267067260414,,Real Estate,sec_edgar_companyfacts
PRU,2025-09-30,16.37,1158000000.0,21461000000.0,32094000000.0,17469000000.0,36086000000.0,0.0,0.0,18.53281519861831,,0.40293139940268197,,Financials,sec_edgar_companyfacts
PEG,2025-06-30,5.74,5891000000.0,45928000000.0,16671000000.0,186000000.0,62413000000.0,3360418061.366806,0.053841636539932486,7.79629943982346,,0.11436434577184196,,Utilities,sec_edgar_companyfacts
PTC,2025-06-30,7.74,1556257000.0,1729847000.0,3512883000.0,199321000.0,5043409000.0,961728421.4268298,0.1906901505364387,1.111543273379654,,0.03319368729654215,,Information Technology,sec_edgar_companyfacts
PSA,2025-09-30,14.59,4399095000.0,10364822000.0,9312123000.0,296460000.0,19380485000.0,2388245368.6395135,0.12322939124792354,2.3561259759109543,,-0.14655654309914734,,Real Estate,sec_edgar_companyfacts
PHM,2025-09-30,20.14,176143000.0,31100000.0,12826037000.0,1451532000.0,11405605000.0,0.0,0.0,0.1765610895692704,,0.05936811016899002,,Consumer Discretionary,sec_edgar_companyfacts
PWR,2025-09-30,10.95,2623442000.0,3818784000.0,8395778000.0,610387000.0,11604175000.0,,,1.4556388134366989,,0.12677147941014244,,Industrials,sec_edgar_companyfacts
QCOM,2025-06-29,18.1,25761000000.0,29922000000.0,27209000000.0,5448000000.0,51683000000.0,19414119534.976154,0.37563840208533084,1.161523232793758,,-0.04631182956523894,,Information Technology,sec_edgar_companyfacts
DGX,2025-09-30,15.610000000000001,3771000000.0,13141000000.0,7258000000.0,432000000.0,19967000000.0,1897361486.4864867,0.09502486535215539,3.484752055157783,,-0.007127221881062185,,Health Care,sec_edgar_companyfacts
RL,2025-06-28,20.060000000000002,1949600000.0,1937000000.0,2515300000.0,2090200000.0,2362100000.0,1165501172.2413254,0.49341737108561257,0.9935371358227328,,0.08901184322284439,,Consumer Discretionary,sec_edgar_companyfacts
RJF,2025-06-30,17.05,97000000.0,3988000.0,12259000000.0,9195000000.0,3067988000.0,0.0,0.0,0.04111340206185567,,0.0680295340355741,,Financials,sec_edgar_companyfacts
RTX,2025-09-30,8.76,19918000000.0,41293000000.0,64514000000.0,5966000000.0,99841000000.0,12312764839.60596,0.12332373313173907,2.0731499146500654,,0.0028409548838266296,,Industrials,sec_edgar_companyfacts
O,2025-06-30,1.3,3115907000.0,4773600000.0,39153106000.0,800447000.0,43126259000.0,0.0,0.0,1.5320097807797215,,-0.07148794576034645,,Real Estate,sec_edgar_companyfacts
REG,2025-06-30,0.46,1956261000.0,4799182000.0,6677872000.0,36855000.0,11440199000.0,1360336708.009424,0.11890848297389092,2.453242179852279,,0.05618004403862731,,Real Estate,sec_edgar_companyfacts
REGN,2025-09-30,80.06,7619600000.0,3485500000.0,30957800000.0,2506400000.0,31936900000.0,5508292085.784779,0.17247422529377548,0.45743871069347475,,0.0006271563414257386,,Health Care,sec_edgar_companyfacts
RF,2025-06-30,2.69,95000000.0,5279000000.0,18666000000.0,27507000000.0,-3562000000.0,,,55.56842105263158,,-0.03278172780259114,,Financials,sec_edgar_companyfacts
RSG,2025-09-30,11.94,9039000000.0,12840000000.0,11871000000.0,84000000.0,24627000000.0,4232955553.4397492,0.1718827122036687,1.4205111184865582,,0.06712273055112106,,Industrials,sec_edgar_companyfacts
RMD,2025-09-30,14.12,2793528000.0,1687449000.0,6121264000.0,1383848000.0,6424865000.0,2007893949.7046244,0.31251924354902777,0.6040565908056049,,0.09323277888578363,,Health Care,sec_edgar_companyfacts
RVTY,2025-06-29,2.39,1259715000.0,7495389000.0,7556168000.0,991849000.0,14059708000.0,324242632.8881917,0.023061832641772625,5.950067277122206,,-0.13335340825699205,,Health Care,sec_edgar_companyfacts
HOOD,2025-06-30,1.75,151000000.0,0.0,8072000000.0,4162000000.0,3910000000.0,0.0,0.0,0.0,,,,Financials,sec_edgar_companyfacts
ROK,2025-06-30,15.08,317400000.0,5497700000.0,3463000000.0,495000000.0,8465700000.0,0.0,0.0,17.32104599873976,,0.007660890727606562,,Industrials,sec_edgar_companyfacts
ROL,2025-09-30,1.99,1596354000.0,485659000.0,1532048000.0,127357000.0,1890350000.0,885519994.9283642,0.46844234926249856,0.30423013943022664,,0.05061112176150684,,Industrials,sec_edgar_companyfacts
ROP,2025-09-30,23.95,4655300000.0,17077100000.0,19992800000.0,320000000.0,36749900000.0,2814219093.3271656,0.0765775986690349,3.6683135351105194,,0.0346353517091087,,Information Technology,sec_edgar_companyfacts
ROST,2025-08-02,7.54,3962979000.0,3032680000.0,5732569000.0,3847016000.0,4918233000.0,2113862615.8924122,0.4298012346898596,0.7652526041646953,,0.07608999503890645,,Consumer Discretionary,sec_edgar_companyfacts
RCL,2025-09-30,30.08,12229000000.0,17812187000.0,10092000000.0,432000000.0,27472187000.0,9231171137.273941,0.3360187937448861,1.4565530296835392,,,,Consumer Discretionary,sec_edgar_companyfacts
SPGI,2025-09-30,25.3,11571000000.0,23135000000.0,33133000000.0,1672000000.0,54596000000.0,7785080815.9049835,0.1425943441993,1.999395039322444,,-0.08033744287765021,,Financials,sec_edgar_companyfacts
CRM,2025-07-31,8.68,14575000000.0,16872000000.0,61328000000.0,10365000000.0,67835000000.0,7801218768.607836,0.11500285646948973,1.157598627787307,,0.978096908397182,,Information Technology,sec_edgar_companyfacts
SBAC,2025-06-30,10.67,1714977000.0,25023090000.0,-4938895000.0,275275000.0,19808920000.0,,,14.590918712029374,,0.09774356629156933,,Real Estate,sec_edgar_companyfacts
SLB,2025-09-30,4.36,14023000000.0,15696000000.0,25635000000.0,3172000000.0,38159000000.0,7015594373.568858,0.18385163063939983,1.1193040005704913,,0.0540773895556248,,Energy,sec_edgar_companyfacts
STX,2025-10-03,10.07,3388000000.0,5958000000.0,-63000000.0,1112000000.0,4783000000.0,2756718041.7044425,0.5763575249225261,1.7585596221959858,,,,Information Technology,sec_edgar_companyfacts
SRE,2025-06-30,5.1899999999999995,3200000000.0,2282000000.0,31697000000.0,155000000.0,33824000000.0,0.0,0.0,0.713125,,-0.07761367424303645,,Utilities,sec_edgar_companyfacts
NOW,2025-09-30,14.709999999999999,4548000000.0,1484000000.0,11301000000.0,2725000000.0,10060000000.0,2276921078.2721663,0.22633410320796882,0.32629727352682497,,0.33717184543531764,,Information Technology,sec_edgar_companyfacts
SHW,2025-09-30,19.69,8649800000.0,21184100000.0,4425300000.0,241500000.0,25367900000.0,,,2.4490855279890864,,0.06445432735726375,,Materials,sec_edgar_companyfacts
SPG,2025-06-30,7.4,5365979000.0,25401250000.0,2451508000.0,1231437000.0,26621321000.0,2932002840.0,0.11013739100324886,4.733758741881025,,-0.022855173444396693,,Real Estate,sec_edgar_companyfacts
SWKS,2025-06-27,4.71,875300000.0,995400000.0,5652500000.0,1185900000.0,5462000000.0,,,1.1372100993944934,,-0.13925389436532942,,Information Technology,sec_edgar_companyfacts
SJM,2025-07-31,-11.58,-453500000.0,15428200000.0,5925900000.0,48800000.0,21305300000.0,,,,,,,Consumer Staples,sec_edgar_companyfacts
SW,2025-06-30,1.06,4659000000.0,14090000000.0,18297000000.0,778000000.0,31609000000.0,1020880782.9181496,0.032297155332916244,3.0242541317879374,,-0.5447046458503757,,Materials,sec_edgar_companyfacts
SNA,2025-09-27,33.22,2401500000.0,2423200000.0,5819000000.0,1534100000.0,6708100000.0,1637161627.0494127,0.24405742714768902,1.009036019154695,,0.030116291274183693,,Industrials,sec_edgar_companyfacts
SOLV,2025-06-30,3.29,2065000000.0,15630000000.0,3645000000.0,492000000.0,18783000000.0,1008000000.0,0.05366554863440345,7.5690072639225185,,-0.4041750771574951,,Health Care,sec_edgar_companyfacts
SO,2025-09-30,7.87,14500000000.0,1444000000.0,38274000000.0,3341000000.0,36377000000.0,,,0.09958620689655172,,0.04124051696888453,,Utilities,sec_edgar_companyfacts
LUV,2025-09-30,0.81,3077000000.0,9572000000.0,7776000000.0,2902000000.0,14446000000.0,204438752.7839644,0.014151928062021625,3.110822229444264,,-0.026672782378898252,,Industrials,sec_edgar_companyfacts
SWK,2025-06-28,3.14,3251000000.0,12982300000.0,9063000000.0,311800000.0,21733500000.0,2585900000.0,0.11898221639404606,3.9933251307290063,,-0.2201383162087771,,Industrials,sec_edgar_companyfacts
SBUX,2025-06-29,3.36,9782400000.0,34638200000.0,-7686000000.0,3177500000.0,23774700000.0,3820377320.0720496,0.16069087391521447,3.540869316323193,,0.03183038253951187,,Consumer Discretionary,sec_edgar_companyfacts
STT,2025-09-30,16.14,,14214000000.0,27642000000.0,,,,,,,0.026887466889486733,,Financials,sec_edgar_companyfacts
STLD,2025-09-30,14.36,3657448000.0,7582455000.0,8995142000.0,770356000.0,15807241000.0,1945181021.5146058,0.12305632725626223,2.073154560228881,,-0.14002330215136072,,Materials,sec_edgar_companyfacts
STE,2025-06-30,9.780000000000001,2175368000.0,3806200000.0,6957000000.0,279700000.0,10483500000.0,958616394.8823481,0.09144049171386923,1.7496809735180439,,0.3982561560426763,,Health Care,sec_edgar_companyfacts
SYK,2025-09-30,14.690000000000001,9980000000.0,18369000000.0,21785000000.0,3256000000.0,36898000000.0,6056767523.775978,0.16414893825616506,1.8405811623246493,,-0.13900511834655283,,Health Care,sec_edgar_companyfacts
SMCI,2025-06-30,3.22,2486130000.0,457579000.0,6301693000.0,5169911000.0,1589361000.0,2021942938.925915,1.2721734954651052,0.1840527245156126,,-0.3185207915886591,,Information Technology,sec_edgar_companyfacts
SYF,2025-09-30,16.96,1108000000.0,14431000000.0,17065000000.0,16245000000.0,15251000000.0,0.0,0.0,13.024368231046932,,0.06811545670713715,,Financials,sec_edgar_companyfacts
SNPS,2025-07-31,13.399999999999999,2499722000.0,28680266000.0,27614531000.0,2593710000.0,53701087000.0,1942095579.5576553,0.036164921197175307,11.4733822401051,,0.18196156228385618,,Information Technology,sec_edgar_companyfacts
SYY,2025-09-27,5.27,5591698000.0,11075010000.0,2067000000.0,844000000.0,12298010000.0,3073397286.8217053,0.2499101307302324,1.9806166212839105,,0.014555644472636464,,Consumer Staples,sec_edgar_companyfacts
TMUS,2025-09-30,18.490000000000002,56949000000.0,164434000000.0,60477000000.0,3310000000.0,221601000000.0,23565046285.714287,0.10633998170456942,2.88739047217686,,0.36214073640729194,,Communication Services,sec_edgar_companyfacts
TROW,2025-09-30,16.740000000000002,4394700000.0,0.0,10814500000.0,3634800000.0,7179700000.0,2687603893.05321,0.37433373163965206,0.0,,0.06431273390761905,,Financials,sec_edgar_companyfacts
TTWO,2025-06-30,-7.17,-733100000.0,4925868000.0,3480900000.0,2025000000.0,6381768000.0,-807301000.0,-0.12650115140506518,,,,,Communication Services,sec_edgar_companyfacts
TPR,2025-06-28,7.62,2815100000.0,4791200000.0,857800000.0,1100000000.0,4549000000.0,2074125570.7163475,0.455951983010848,1.701964406237789,,-0.2671814986546256,,Consumer Discretionary,sec_edgar_companyfacts
TRGP,2025-06-30,9.31,5720000000.0,24815100000.0,2588100000.0,113100000.0,27290100000.0,2799741150.644837,0.1025918245314175,4.338304195804196,,0.0814738766054448,,Energy,sec_edgar_companyfacts
TGT,2025-08-02,10.49,11010000000.0,29689000000.0,15420000000.0,4341000000.0,40768000000.0,4720031739.654479,0.11577785860612438,2.696548592188919,,0.08179883044036473,,Consumer Staples,sec_edgar_companyfacts
TEL,2025-06-27,7.91,7090000000.0,10478000000.0,12381000000.0,672000000.0,22187000000.0,2669000000.0,0.12029566863478613,1.4778561354019746,,0.06697917714094226,,Information Technology,sec_edgar_companyfacts
TDY,2025-09-28,30.55,2651100000.0,5066800000.0,10560800000.0,528600000.0,15099000000.0,1375619814.241486,0.0911066835049663,1.9112066689298781,,0.008095331096818814,,Information Technology,sec_edgar_companyfacts
TER,2025-09-28,4.19,1020246000.0,744385000.0,2717275000.0,272700000.0,3188960000.0,669708798.7815948,0.21000852904445172,0.7296132501377118,,-0.046841496912593095,,Information Technology,sec_edgar_companyfacts
TSLA,2025-09-30,2.01,8660800000.0,8109441000.0,79970000000.0,18289000000.0,69790441000.0,4355632062.146893,0.06241015244690734,0.9363385599482726,,-0.138545503189075,,Consumer Discretionary,sec_edgar_companyfacts
TXN,2025-09-30,9.76,10663000000.0,29678000000.0,16627000000.0,3311000000.0,42994000000.0,,,2.7832692488042765,,-0.11185731323300663,,Information Technology,sec_edgar_companyfacts
TPL,2025-06-30,25.21,772021000.0,0.0,1288944000.0,543930000.0,745014000.0,520051340.26380086,0.6980423727121918,0.0,,-0.19343214687090748,,Energy,sec_edgar_companyfacts
TXT,2025-09-27,4.11,1611000000.0,0.0,7493000000.0,731000000.0,6762000000.0,703356215.2133582,0.10401600343291306,0.0,,0.05583192924839908,,Industrials,sec_edgar_companyfacts
TMO,2025-09-27,29.34,17706000000.0,58773000000.0,51018000000.0,1982000000.0,107809000000.0,11800602775.524916,0.10945841975646667,3.3193832599118944,,-0.012802360475653751,,Health Care,sec_edgar_companyfacts
TJX,2025-08-02,5.18,10037351000.0,2867000000.0,8866000000.0,4639000000.0,7094000000.0,5472415335.269,0.7714146229586974,0.28563313168982535,,0.07480735567061836,,Consumer Discretionary,sec_edgar_companyfacts
TKO,2025-06-30,4.01,1947507000.0,5498628000.0,4265329000.0,535061000.0,9228896000.0,734924042.4703429,0.07963293144384148,2.8234188631927895,,,,Communication Services,sec_edgar_companyfacts
TTD,2025-06-30,0.75,631615000.0,0.0,2695833000.0,1687261000.0,1008572000.0,225469500.0,0.22355320195286008,0.0,,0.47958657979602304,,Communication Services,sec_edgar_companyfacts
TSCO,2025-06-28,4.53,2582933000.0,1823472000.0,2490309000.0,225810000.0,4087971000.0,1371332257.5359766,0.33545547596496567,0.7059695315364355,,-0.2680486982438506,,Consumer Discretionary,sec_edgar_companyfacts
TT,2025-09-30,24.55,8259200000.0,10161600000.0,8326300000.0,1590100000.0,16897800000.0,5595007867.038015,0.3311086571647206,1.2303370786516854,,0.08485811677889621,,Industrials,sec_edgar_companyfacts
TDG,2025-06-28,56.879999999999995,7153595000.0,43850000000.0,-5004000000.0,2792000000.0,36054000000.0,4681211736.44475,0.1298389009941962,6.129785094068088,,0.13839994320390359,,Industrials,sec_edgar_companyfacts
TRV,2025-09-30,39.45,7518000000.0,6661000000.0,31609000000.0,,,4495485758.275597,,0.8860069167331737,,0.1277455350405856,,Financials,sec_edgar_companyfacts
TRMB,2025-07-04,1.44,1019700000.0,3262800000.0,5688100000.0,265900000.0,8685000000.0,373763053.34846765,0.04303546958531579,3.1997646366578407,,0.27605371874187856,,Information Technology,sec_edgar_companyfacts
TFC,2025-09-30,6.54,,71129000000.0,65646000000.0,20295000000.0,116480000000.0,,,,,-0.053790922332508706,,Financials,sec_edgar_companyfacts
TYL,2025-09-30,13.32,903182000.0,1197165000.0,3602767000.0,834101000.0,3965831000.0,515801820.47673357,0.13006147273465096,1.3254969651742394,,0.0934750595893763,,Information Technology,sec_edgar_companyfacts
TSN,2025-06-28,2.42,5139000000.0,886000000.0,18338000000.0,1547000000.0,17677000000.0,990000000.0,0.056004978220286245,0.17240708309009534,,-0.2407871803356666,,Consumer Staples,sec_edgar_companyfacts
USB,2025-06-30,5.3100000000000005,,58113000000.0,61438000000.0,8252000000.0,111299000000.0,,,,,0.00536223781685452,,Financials,sec_edgar_companyfacts
UBER,2025-06-30,4.12,7670000000.0,20303000000.0,22598000000.0,6438000000.0,36463000000.0,6417000000.0,0.17598661657022188,2.6470664928292047,,,,Industrials,sec_edgar_companyfacts
UDR,2025-09-30,1.03,1508754000.0,5834169000.0,3274966000.0,1194000.0,9107941000.0,625909535.5782272,0.06872129887295352,3.8668788947701214,,0.0,,Real Estate,sec_edgar_companyfacts
ULTA,2025-08-02,30.11,2295235000.0,1089101000.0,2603860000.0,242745000.0,3450216000.0,1248308883.5901582,0.3618060097078439,0.4745052249551789,,0.010841096324593513,,Consumer Discretionary,sec_edgar_companyfacts
UNP,2025-09-30,20.88,17415000000.0,31192000000.0,17304000000.0,808000000.0,47688000000.0,,,1.7910996267585415,,-0.0021501722051621153,,Industrials,sec_edgar_companyfacts
UAL,2025-09-30,17.009999999999998,13095000000.0,36145000000.0,14309000000.0,6730000000.0,43724000000.0,5669624463.519314,0.1296684764321497,2.7602138220694923,,0.334828249087302,,Industrials,sec_edgar_companyfacts
UPS,2025-06-30,7.62,13562000000.0,45095000000.0,15750000000.0,6194000000.0,54651000000.0,7217588419.574376,0.13206690489788614,3.325099542840289,,-0.12552787898122675,,Industrials,sec_edgar_companyfacts
URI,2025-09-30,66.35,7615000000.0,15020000000.0,9000000000.0,512000000.0,23508000000.0,4518272537.174722,0.1922014861823516,1.9724228496388707,,0.009026380588905702,,Industrials,sec_edgar_companyfacts
UNH,2025-09-30,30.15,49890000000.0,91056000000.0,101569000000.0,27210000000.0,165415000000.0,32828844861.44447,0.19846353028107772,1.8251352976548407,,-0.06041263415210629,,Health Care,sec_edgar_companyfacts
UHS,2025-06-30,24.259999999999998,3044620000.0,9182897000.0,7030048000.0,137595000.0,16075350000.0,1584208845.772,0.09854894890450286,3.0161061150488404,,0.12973337529353524,,Health Care,sec_edgar_companyfacts
VLO,2025-09-30,10.07,4339000000.0,8979000000.0,23754000000.0,4764000000.0,27969000000.0,2752862826.225334,0.09842550059799543,2.0693708227702237,,-0.2163933098920907,,Energy,sec_edgar_companyfacts
VTR,2025-09-30,0.9400000000000001,4176117000.0,13522551000.0,12361924000.0,188617000.0,25695858000.0,1775564000.0,0.0690992299225813,3.238068042633863,,,,Real Estate,sec_edgar_companyfacts
VLTO,2025-10-03,6.37,2370000000.0,5344000000.0,2847000000.0,1775000000.0,6416000000.0,1602638017.5658722,0.24978772094231175,2.2548523206751057,,-0.009314778457098494,,Industrials,sec_edgar_companyfacts
VRSN,2025-09-30,3.75,2010400000.0,0.0,-2050500000.0,619300000.0,-2669800000.0,1391772794.524336,,0.0,,-0.024666738290513024,,Information Technology,sec_edgar_companyfacts
VRSK,2025-09-30,11.93,2937700000.0,5523600000.0,376700000.0,2107900000.0,3792400000.0,1686754682.1844227,0.44477235581278945,1.880246451305443,,0.022619933416356597,,Industrials,sec_edgar_companyfacts
VZ,2025-09-30,8.2,88977000000.0,214790000000.0,106345000000.0,7706000000.0,313429000000.0,39700454091.787575,0.1266649036680957,2.4139946278251685,,-0.03933943162756326,,Communication Services,sec_edgar_companyfacts
VRTX,2025-06-30,16.97,5039600000.0,105000000.0,17175400000.0,4972200000.0,12308200000.0,3778721170.352877,0.3070084309933928,0.020834986903722517,,,,Health Care,sec_edgar_companyfacts
VTRS,2025-06-30,-5.05,559500000.0,27680500000.0,15570500000.0,566400000.0,42684600000.0,-4007275000.0,-0.09388104843432994,49.47363717605005,,,,Health Care,sec_edgar_companyfacts
VICI,2025-09-30,4.91,1381316000.0,16762660000.0,27673589000.0,507503000.0,43928746000.0,,,12.13528258559229,,0.1505016579992975,,Real Estate,sec_edgar_companyfacts
V,2025-06-30,,43240000000.0,49557000000.0,38664000000.0,17092000000.0,71129000000.0,32944022310.43375,0.46315880035476037,1.1460915818686401,,,,Financials,sec_edgar_companyfacts
VST,2025-06-30,5.02,5970000000.0,16631000000.0,4823000000.0,458000000.0,20996000000.0,2780198404.785643,0.1324156222511737,2.785762144053601,,,,Utilities,sec_edgar_companyfacts
VMC,2025-09-30,14.83,4264200000.0,10321600000.0,8734200000.0,191300000.0,18864500000.0,2104055047.4547021,0.11153516114684736,2.4205243656488906,,0.09709102004328551,,Materials,sec_edgar_companyfacts
WRB,2025-06-30,5.0,65968000.0,0.0,9294537000.0,1984529000.0,7310008000.0,0.0,0.0,0.0,,-0.024669269532919924,,Financials,sec_edgar_companyfacts
GWW,2025-09-30,61.89,5005000000.0,4793000000.0,3561000000.0,535000000.0,7819000000.0,2760294117.647059,0.3530239311481083,0.9576423576423576,,0.05188155329634547,,Industrials,sec_edgar_companyfacts
WAB,2025-09-30,13.25,4193000000.0,10570000000.0,11048000000.0,514000000.0,21104000000.0,2234102992.9577465,0.1058615898861707,2.5208681135225377,,0.11787223090544097,,Industrials,sec_edgar_companyfacts
WMT,2025-07-31,3.44,59806000000.0,84726000000.0,90110000000.0,9431000000.0,165405000000.0,24692973589.827194,0.14928795133053532,1.4166806006086345,,-0.10809657120660121,,Consumer Staples,sec_edgar_companyfacts
DIS,2025-06-28,14.06,41766000000.0,88078000000.0,109145000000.0,5367000000.0,191856000000.0,32578000000.0,0.16980443666082895,2.10884451467701,,0.09599378500789224,,Communication Services,sec_edgar_companyfacts
WBD,2025-06-30,0.9500000000000001,8819000000.0,48775000000.0,36049000000.0,4888000000.0,79936000000.0,-81500000.0,-0.0010195656525220176,5.530672411838077,,,,Communication Services,sec_edgar_companyfacts
WM,2025-09-30,11.530000000000001,12351000000.0,2054000000.0,9519000000.0,175000000.0,11398000000.0,5457473808.501503,0.47880977439037575,0.16630232369848597,,0.04788028452262627,,Industrials,sec_edgar_companyfacts
WAT,2025-06-28,11.71,891048000.0,2826966000.0,2159812000.0,367215000.0,4619563000.0,,,3.172630430683869,,0.012296586110646768,,Health Care,sec_edgar_companyfacts
WEC,2025-09-30,4.35,6562200000.0,40563200000.0,14010800000.0,51100000.0,54522900000.0,2996165655.959172,0.05495242652095123,6.18134162323611,,0.01652350196616803,,Utilities,sec_edgar_companyfacts
WFC,2025-09-30,10.879999999999999,1400000000.0,408422000000.0,181154000000.0,,,0.0,,291.73,,0.11329158790090754,,Financials,sec_edgar_companyfacts
WELL,2025-09-30,2.9699999999999998,3476470000.0,16852362000.0,38756818000.0,6806507000.0,48802673000.0,0.0,0.0,4.847549957284257,,0.39237327701221103,,Real Estate,sec_edgar_companyfacts
WST,2025-09-30,11.76,1300500000.0,407600000.0,3051500000.0,628500000.0,2830600000.0,737260219.5504444,0.26046075727776596,0.3134179161860823,,-0.028485415273195147,,Health Care,sec_edgar_companyfacts
WDC,2025-10-03,10.5,4901000000.0,9366000000.0,5888000000.0,2048000000.0,13206000000.0,4058000000.0,0.30728456762077844,1.9110385635584575,,0.5645673222659491,,Information Technology,sec_edgar_companyfacts
WY,2025-09-30,0.8099999999999999,2023000000.0,10234000000.0,9438000000.0,401000000.0,19271000000.0,1138000000.0,0.059052462248975146,5.0588235294117645,,-0.2657319221968045,,Real Estate,sec_edgar_companyfacts
WSM,2025-08-03,9.67,2012677000.0,7273000.0,2149696000.0,985823000.0,1171146000.0,1033145714.0152391,0.882166454067417,0.003613595226655842,,-0.11640399397925527,,Consumer Discretionary,sec_edgar_companyfacts
WMB,2025-06-30,2.6,7862000000.0,2000000.0,12438000000.0,2074000000.0,10366000000.0,3430378616.3522015,0.3309259710932087,0.0002543881963876876,,0.01735139134125685,,Energy,sec_edgar_companyfacts
WTW,2025-09-30,20.81,3089000000.0,15098000000.0,7735000000.0,1895000000.0,20938000000.0,2504780299.372284,0.11962844108187429,4.887665911298154,,,,Financials,sec_edgar_companyfacts
WDAY,2025-07-31,2.9,1209058000.0,5966000000.0,9172000000.0,1264000000.0,13874000000.0,498001273.88535035,0.035894570699535125,4.9344200195524115,,,,Information Technology,sec_edgar_companyfacts
WYNN,2025-06-30,2.37,1972544000.0,21089584000.0,-441540000.0,1984752000.0,18663292000.0,905186621.5628139,0.04850090871229008,10.691565815515395,,,,Consumer Discretionary,sec_edgar_companyfacts
XEL,2025-09-30,5.69,5817566000.0,42878144000.0,21181000000.0,1052000000.0,63007144000.0,4583000000.0,0.07273778351229505,7.370461117243878,,0.016482336039550294,,Utilities,sec_edgar_companyfacts
XYL,2025-09-30,6.03,3030000000.0,3988000000.0,11207000000.0,1191000000.0,14004000000.0,1310937740.1998463,0.09361166382461056,1.3161716171617162,,0.1324195506185517,,Industrials,sec_edgar_companyfacts
YUM,2025-06-30,5.8100000000000005,3257000000.0,7056000000.0,-7680000000.0,677000000.0,-1301000000.0,1653930971.288943,,2.1664108074915567,,0.026953692023506726,,Consumer Discretionary,sec_edgar_companyfacts
ZBRA,2025-09-27,15.75,1686000000.0,4407000000.0,3747000000.0,1053000000.0,7101000000.0,817077151.3353115,0.11506508257080855,2.613879003558719,,0.02956322399125999,,Information Technology,sec_edgar_companyfacts
ZBH,2025-06-30,4.59,3042700000.0,8573000000.0,12525000000.0,556900000.0,20541100000.0,1119268437.0918589,0.054489216112664794,2.8175633483419333,,0.32130235246114336,,Health Care,sec_edgar_companyfacts
ZTS,2025-06-30,7.54,605000000.0,7081000000.0,4977000000.0,1435000000.0,10623000000.0,0.0,0.0,11.704132231404959,,0.04027508494819543,,Health Care,sec_edgar_companyfacts
